YEAR,MONTH,DAY,RH2M,T2M
2010,1,1,66.5,23.06
2010,1,2,81.88,23.68
2010,1,3,81.69,24.98
2010,1,4,80.5,24.26
2010,1,5,83.56,25.56
2010,1,6,86.38,25.51
2010,1,7,90.44,24.99
2010,1,8,85.12,25.59
2010,1,9,86.62,25.55
2010,1,10,84.44,25.97
2010,1,11,78.06,26.82
2010,1,12,82.44,25.59
2010,1,13,90.31,25.5
2010,1,14,92.06,25.01
2010,1,15,85.94,25.8
2010,1,16,83.19,26.4
2010,1,17,83.62,26.49
2010,1,18,77.06,24.76
2010,1,19,64.44,23.39
2010,1,20,65.38,22.83
2010,1,21,66.25,22.87
2010,1,22,68.44,23.51
2010,1,23,71.94,24.4
2010,1,24,87.31,24.33
2010,1,25,85.31,25.72
2010,1,26,90.06,25.54
2010,1,27,86.19,26.58
2010,1,28,89.19,26.25
2010,1,29,91.19,25.56
2010,1,30,90,25.61
2010,1,31,80,25.65
2010,2,1,83.25,26.26
2010,2,2,83.94,26.41
2010,2,3,88.19,26.59
2010,2,4,87.94,26.33
2010,2,5,88.12,25.76
2010,2,6,74.5,25.71
2010,2,7,61.56,23.66
2010,2,8,66.94,24.27
2010,2,9,82.5,25.7
2010,2,10,85.56,25.97
2010,2,11,89.19,25.85
2010,2,12,90.75,25.89
2010,2,13,89.44,25.98
2010,2,14,91.31,25.38
2010,2,15,89.06,25.81
2010,2,16,86.75,26.22
2010,2,17,87.69,26.56
2010,2,18,89.81,26.47
2010,2,19,88.94,26.58
2010,2,20,90,26.33
2010,2,21,89.5,26.33
2010,2,22,89.25,26.65
2010,2,23,87.25,26.82
2010,2,24,88.75,26.44
2010,2,25,89.62,26.3
2010,2,26,86.5,27.21
2010,2,27,89.25,26.89
2010,2,28,89.5,26.81
2010,3,1,86.69,27.11
2010,3,2,89.06,26.69
2010,3,3,87.62,27.12
2010,3,4,89.38,26.87
2010,3,5,90.31,26.48
2010,3,6,85.19,27.4
2010,3,7,88.75,26.89
2010,3,8,91.19,26.39
2010,3,9,92.06,26.23
2010,3,10,91.19,25.87
2010,3,11,91.56,25.34
2010,3,12,87.38,26.51
2010,3,13,88.88,26.62
2010,3,14,91,26.13
2010,3,15,89.56,26.21
2010,3,16,85.06,25.99
2010,3,17,88.12,25.87
2010,3,18,87.81,26.58
2010,3,19,88.38,26.52
2010,3,20,92.25,25.98
2010,3,21,84.38,25.32
2010,3,22,70.94,24.44
2010,3,23,66.81,24.76
2010,3,24,79.75,25.29
2010,3,25,90.12,25.35
2010,3,26,86.25,25.98
2010,3,27,87.06,26.55
2010,3,28,89.62,26.26
2010,3,29,91.75,26.05
2010,3,30,88.31,26.75
2010,3,31,90.19,26.51
2010,4,1,90.94,26.55
2010,4,2,89.69,26.83
2010,4,3,93.69,26.25
2010,4,4,94.38,25.51
2010,4,5,84.94,25.94
2010,4,6,90.12,26.28
2010,4,7,89.69,26.01
2010,4,8,88.62,25.74
2010,4,9,93.38,25.89
2010,4,10,89.38,26.34
2010,4,11,91.06,26.19
2010,4,12,91,26.2
2010,4,13,90.81,26.62
2010,4,14,91.44,26.56
2010,4,15,89.56,27.06
2010,4,16,92.12,26.54
2010,4,17,91.06,26.22
2010,4,18,87.06,27.34
2010,4,19,90.25,27.15
2010,4,20,92.81,26.91
2010,4,21,90.56,26.53
2010,4,22,93.69,25.71
2010,4,23,92,26.05
2010,4,24,92.12,25.46
2010,4,25,91.88,25.76
2010,4,26,93.62,25.31
2010,4,27,90.31,25.72
2010,4,28,87.06,26.48
2010,4,29,87.94,26.62
2010,4,30,92.56,25.76
2010,5,1,92.62,25.88
2010,5,2,94.25,25.32
2010,5,3,93.25,25.28
2010,5,4,90.62,25.87
2010,5,5,93.75,25.75
2010,5,6,93.19,25.33
2010,5,7,91.88,25.56
2010,5,8,89.81,26.53
2010,5,9,92.94,26.06
2010,5,10,89.38,26.37
2010,5,11,89.31,26.4
2010,5,12,91.06,26.7
2010,5,13,93.56,26.01
2010,5,14,90,25.85
2010,5,15,88.38,26.24
2010,5,16,91.12,26.52
2010,5,17,94.75,25.61
2010,5,18,93.06,25.72
2010,5,19,94.5,25.4
2010,5,20,92.44,26.02
2010,5,21,93,25.23
2010,5,22,89.81,25.69
2010,5,23,91.19,26.13
2010,5,24,93.5,26.21
2010,5,25,94.81,26.08
2010,5,26,93.12,26.22
2010,5,27,93.25,25.7
2010,5,28,89.5,26.11
2010,5,29,89.75,26.42
2010,5,30,90.88,26.3
2010,5,31,96.06,25.19
2010,6,1,93.38,24.43
2010,6,2,94.44,24.58
2010,6,3,92.94,24.9
2010,6,4,95.94,24.41
2010,6,5,89.62,25.73
2010,6,6,94,25.08
2010,6,7,89.25,25.55
2010,6,8,88.44,25.78
2010,6,9,90.94,25.58
2010,6,10,95.25,24.67
2010,6,11,93.12,25.19
2010,6,12,91.69,26.09
2010,6,13,94.62,25.45
2010,6,14,94.94,24.78
2010,6,15,92.81,25.12
2010,6,16,93,24.62
2010,6,17,92.25,24.71
2010,6,18,91,25.12
2010,6,19,90.81,25.49
2010,6,20,93.38,24.98
2010,6,21,94.44,24.98
2010,6,22,90.94,25.92
2010,6,23,95.44,25.3
2010,6,24,92.94,24.9
2010,6,25,95.19,23.6
2010,6,26,92,23.9
2010,6,27,91.44,24.46
2010,6,28,89.94,25.37
2010,6,29,90.12,25.52
2010,6,30,93.38,25.14
2010,7,1,95.56,24.99
2010,7,2,94.69,24.33
2010,7,3,90.56,24.99
2010,7,4,91.06,24.8
2010,7,5,91.25,24.53
2010,7,6,91.94,24.33
2010,7,7,95.44,23.44
2010,7,8,90.62,24.26
2010,7,9,93.62,23.95
2010,7,10,94.19,23.49
2010,7,11,91.31,24.29
2010,7,12,87.38,25.28
2010,7,13,93,24.61
2010,7,14,91.69,24.64
2010,7,15,93.56,23.7
2010,7,16,92.62,23.5
2010,7,17,90.94,24.18
2010,7,18,88.25,25.09
2010,7,19,92,24.3
2010,7,20,92.44,23.78
2010,7,21,91.44,23.52
2010,7,22,89.5,23.91
2010,7,23,93.19,22.94
2010,7,24,91.94,22.98
2010,7,25,91.81,23.51
2010,7,26,91.56,23.94
2010,7,27,94.5,23.4
2010,7,28,91.94,23.88
2010,7,29,93.25,23.7
2010,7,30,90.12,24.01
2010,7,31,90.06,23.62
2010,8,1,87.81,24
2010,8,2,88.25,24.22
2010,8,3,88.25,24.34
2010,8,4,91.75,23.69
2010,8,5,90.25,24.61
2010,8,6,93.62,23.9
2010,8,7,91.75,24.17
2010,8,8,92.5,23.96
2010,8,9,92.19,23.8
2010,8,10,93.19,23.73
2010,8,11,90.31,24.49
2010,8,12,94.5,23.27
2010,8,13,93.81,23.39
2010,8,14,92.25,23.57
2010,8,15,86.56,25.11
2010,8,16,91.19,25.23
2010,8,17,92.88,24.51
2010,8,18,90.56,24.52
2010,8,19,90.38,24.65
2010,8,20,93.62,23.87
2010,8,21,94.19,23.18
2010,8,22,91.5,24.37
2010,8,23,92.75,24.46
2010,8,24,92.12,24.56
2010,8,25,92.75,23.94
2010,8,26,90.19,24.67
2010,8,27,91.62,24.4
2010,8,28,92.5,24.06
2010,8,29,91.56,24.05
2010,8,30,91,24.15
2010,8,31,90.31,24.33
2010,9,1,91.12,24.21
2010,9,2,87.5,25.33
2010,9,3,95.75,23.83
2010,9,4,93.12,24.13
2010,9,5,92.62,24.19
2010,9,6,92.12,24.26
2010,9,7,94,23.16
2010,9,8,89.56,23.98
2010,9,9,91.25,24.18
2010,9,10,94.88,23.43
2010,9,11,93,23.83
2010,9,12,89.44,24.65
2010,9,13,92.81,24.26
2010,9,14,91.88,23.73
2010,9,15,92.12,23.47
2010,9,16,90,24.6
2010,9,17,95.31,23.88
2010,9,18,93,24.5
2010,9,19,91.94,24.89
2010,9,20,90.69,24.62
2010,9,21,90.5,24.83
2010,9,22,93.69,24.45
2010,9,23,93.62,24.33
2010,9,24,93.56,23.5
2010,9,25,89.94,24.5
2010,9,26,90.75,25.2
2010,9,27,95,24.48
2010,9,28,95,24.01
2010,9,29,87.81,25.57
2010,9,30,90.31,25.48
2010,10,1,89.81,25.32
2010,10,2,90.81,25.11
2010,10,3,93.5,24.91
2010,10,4,94.44,23.86
2010,10,5,87.94,24.75
2010,10,6,96.25,23.98
2010,10,7,91.19,24.69
2010,10,8,89.62,25.3
2010,10,9,90.94,25.47
2010,10,10,94.12,24.89
2010,10,11,93.25,23.52
2010,10,12,90.31,24.59
2010,10,13,93.94,24.2
2010,10,14,91.88,24.51
2010,10,15,91.25,24.78
2010,10,16,89.81,25.51
2010,10,17,92.69,25.11
2010,10,18,92.75,24.86
2010,10,19,92.31,24.92
2010,10,20,92.69,24.66
2010,10,21,94.38,23.99
2010,10,22,91.69,24.57
2010,10,23,91.56,24.62
2010,10,24,91.19,24.59
2010,10,25,89.44,24.76
2010,10,26,90.69,24.91
2010,10,27,93.38,24.88
2010,10,28,91.88,24.98
2010,10,29,89.12,25.33
2010,10,30,89.75,25.77
2010,10,31,94.5,25.01
2010,11,1,95.81,24.3
2010,11,2,93.12,24.56
2010,11,3,88,25.84
2010,11,4,90.62,25.47
2010,11,5,90.75,25.4
2010,11,6,90.69,25.19
2010,11,7,95.81,23.99
2010,11,8,88.5,24.4
2010,11,9,86.94,25.55
2010,11,10,89.75,26.08
2010,11,11,87.31,26.36
2010,11,12,93.25,25.43
2010,11,13,89.75,25.7
2010,11,14,89.69,25.28
2010,11,15,87.12,25.76
2010,11,16,92.19,25.38
2010,11,17,91.25,25.29
2010,11,18,93.25,24.51
2010,11,19,89.5,25.01
2010,11,20,86.69,25.52
2010,11,21,88.69,25.21
2010,11,22,90.94,24.83
2010,11,23,88.25,25.08
2010,11,24,83.69,25.93
2010,11,25,86.88,25.28
2010,11,26,89.38,25.55
2010,11,27,90.06,25.43
2010,11,28,88.81,25.37
2010,11,29,84.5,26.09
2010,11,30,83.12,26.23
2010,12,1,81.69,26.01
2010,12,2,76.56,25.33
2010,12,3,84,25.42
2010,12,4,81.88,25.57
2010,12,5,89.69,24.86
2010,12,6,88.56,25.12
2010,12,7,87.62,25.05
2010,12,8,81.25,23.52
2010,12,9,70.38,22.69
2010,12,10,70,22.37
2010,12,11,68,22.67
2010,12,12,75.69,23.22
2010,12,13,76.38,24.15
2010,12,14,73.62,24.59
2010,12,15,70.94,24.62
2010,12,16,77.38,25.49
2010,12,17,79.62,25.37
2010,12,18,76.75,25.01
2010,12,19,75.69,24.89
2010,12,20,81.38,25.19
2010,12,21,75.06,24.49
2010,12,22,82.69,24.22
2010,12,23,85.38,24.27
2010,12,24,74.12,24.09
2010,12,25,78,24.3
2010,12,26,88.69,24.19
2010,12,27,90.38,24.37
2010,12,28,89.88,24.43
2010,12,29,85.56,25.08
2010,12,30,74.25,23.66
2010,12,31,67.69,21.74
2011,1,1,67,21.95
2011,1,2,67.06,23.49
2011,1,3,71.56,24.36
2011,1,4,77.75,24.62
2011,1,5,85.06,24.78
2011,1,6,82.44,24.78
2011,1,7,86.31,24.08
2011,1,8,73.31,22.75
2011,1,9,70.56,21.22
2011,1,10,69.06,21.37
2011,1,11,68.38,21.6
2011,1,12,70.56,21.62
2011,1,13,77.12,23.09
2011,1,14,81.75,24.05
2011,1,15,72.31,22.3
2011,1,16,67.88,19.94
2011,1,17,64.94,20.55
2011,1,18,62.38,21.76
2011,1,19,60.12,22.39
2011,1,20,57.81,23.28
2011,1,21,65.44,23.83
2011,1,22,74.75,23.91
2011,1,23,81.19,24.9
2011,1,24,81.69,25.33
2011,1,25,82.38,25.7
2011,1,26,83.94,26.23
2011,1,27,81.19,26.32
2011,1,28,78.88,25.41
2011,1,29,82,25.58
2011,1,30,86,25.9
2011,1,31,88.44,25.66
2011,2,1,88.56,25.79
2011,2,2,89.25,25.65
2011,2,3,91.31,24.84
2011,2,4,86.81,25.68
2011,2,5,79.56,24.1
2011,2,6,83.38,24.51
2011,2,7,88.25,24.7
2011,2,8,83.19,26.03
2011,2,9,84.62,26.12
2011,2,10,92.31,24.72
2011,2,11,88.56,24.7
2011,2,12,90.75,25.07
2011,2,13,88.81,25.54
2011,2,14,90.25,25.03
2011,2,15,91.19,25.05
2011,2,16,88.06,25.44
2011,2,17,88.5,25.51
2011,2,18,87.94,25.71
2011,2,19,89.19,25.53
2011,2,20,87.19,25.91
2011,2,21,90.81,25.64
2011,2,22,91.81,24.98
2011,2,23,85.56,25.12
2011,2,24,85.94,25.45
2011,2,25,89.25,25.3
2011,2,26,89.88,24.75
2011,2,27,85.25,24.77
2011,2,28,81,25.63
2011,3,1,93.12,24.51
2011,3,2,86.38,25.37
2011,3,3,88.56,25.55
2011,3,4,89.5,25.57
2011,3,5,90.31,25.7
2011,3,6,89.94,25.8
2011,3,7,89.56,25.93
2011,3,8,86.25,26.69
2011,3,9,86.31,26.8
2011,3,10,87.38,26.44
2011,3,11,85.5,27.11
2011,3,12,84.69,27.34
2011,3,13,87,26.89
2011,3,14,89.81,26.42
2011,3,15,87.38,26.69
2011,3,16,85,27.18
2011,3,17,87.25,26.67
2011,3,18,88.69,26.16
2011,3,19,88.25,26.01
2011,3,20,90.5,25.17
2011,3,21,90.12,25.44
2011,3,22,91.06,25.37
2011,3,23,90.44,25.05
2011,3,24,91.62,25.23
2011,3,25,92.19,25.23
2011,3,26,85,26.39
2011,3,27,90.25,25.8
2011,3,28,88.12,26.21
2011,3,29,89.12,26.4
2011,3,30,90.12,26.32
2011,3,31,88.44,26.03
2011,4,1,93.75,25.27
2011,4,2,93.19,25.19
2011,4,3,89.56,25.75
2011,4,4,92.44,24.75
2011,4,5,86.69,25.9
2011,4,6,85.88,25.96
2011,4,7,89,26.29
2011,4,8,93.5,25.59
2011,4,9,88.94,26.24
2011,4,10,87.31,26.04
2011,4,11,89.5,25.82
2011,4,12,91.5,25.56
2011,4,13,91.12,25.47
2011,4,14,91.81,25.57
2011,4,15,91.5,25.87
2011,4,16,91.06,25.86
2011,4,17,93.31,25.58
2011,4,18,90.62,26.05
2011,4,19,89.06,26.12
2011,4,20,90.5,25.79
2011,4,21,90.69,25.94
2011,4,22,89.62,26.42
2011,4,23,93.88,25.43
2011,4,24,93.5,25.01
2011,4,25,92.69,24.73
2011,4,26,89.38,25.69
2011,4,27,92.44,25.52
2011,4,28,92.81,25.51
2011,4,29,93,25.08
2011,4,30,91.81,25.21
2011,5,1,92.25,25.22
2011,5,2,92.94,25.47
2011,5,3,93.75,25.48
2011,5,4,92.5,25.51
2011,5,5,91.88,25.94
2011,5,6,94.94,25.89
2011,5,7,94,25.81
2011,5,8,95.12,25.37
2011,5,9,91.38,25.3
2011,5,10,90,25.26
2011,5,11,90.5,25.45
2011,5,12,93.56,25.02
2011,5,13,91.19,25.51
2011,5,14,92.19,25.62
2011,5,15,93.69,25.56
2011,5,16,93.12,25.82
2011,5,17,93.44,25.81
2011,5,18,92.38,26.26
2011,5,19,90.81,26.37
2011,5,20,92.38,25.92
2011,5,21,93.38,25.51
2011,5,22,91.88,25.26
2011,5,23,91.12,25.3
2011,5,24,91.44,25.45
2011,5,25,92.5,25.3
2011,5,26,93.69,25.06
2011,5,27,94.06,24.61
2011,5,28,93.69,24.71
2011,5,29,92.81,24.91
2011,5,30,95.19,24.78
2011,5,31,91.81,25.46
2011,6,1,94.31,25.26
2011,6,2,89.44,26.2
2011,6,3,92.25,25.97
2011,6,4,94.69,24.79
2011,6,5,91.06,24.92
2011,6,6,89.94,25.7
2011,6,7,93.19,25.27
2011,6,8,93.31,24.69
2011,6,9,94.25,23.97
2011,6,10,92.12,24.05
2011,6,11,93.94,24.51
2011,6,12,93.81,23.92
2011,6,13,87.38,25.18
2011,6,14,89.44,25.9
2011,6,15,92.62,25.34
2011,6,16,91.94,25.26
2011,6,17,95,24.8
2011,6,18,94.5,24.79
2011,6,19,95,23.89
2011,6,20,90.06,25.51
2011,6,21,95.5,24.57
2011,6,22,94.19,24.34
2011,6,23,91.81,24.76
2011,6,24,94.19,24.15
2011,6,25,89.62,24.9
2011,6,26,96.38,23.84
2011,6,27,92.69,24.08
2011,6,28,93.81,24.11
2011,6,29,93.19,24.33
2011,6,30,91.12,24.47
2011,7,1,90.19,24.98
2011,7,2,92.19,24.72
2011,7,3,95.5,23.76
2011,7,4,91.62,24.35
2011,7,5,91.88,24.9
2011,7,6,92.56,24.92
2011,7,7,94.81,23.98
2011,7,8,92.62,24.82
2011,7,9,93.44,24.85
2011,7,10,96.31,24.03
2011,7,11,93.75,23.45
2011,7,12,92,23.63
2011,7,13,93.19,23.82
2011,7,14,93.31,23.89
2011,7,15,94.44,23.34
2011,7,16,93,23.93
2011,7,17,93.88,23.7
2011,7,18,89.88,24.68
2011,7,19,92.12,24.78
2011,7,20,93.75,24.52
2011,7,21,93.94,23.73
2011,7,22,92.94,23.87
2011,7,23,91.44,24.41
2011,7,24,91.5,24.02
2011,7,25,89.94,23.87
2011,7,26,88.25,23.98
2011,7,27,87.19,24.04
2011,7,28,87.56,24.23
2011,7,29,91.06,23.44
2011,7,30,89.88,24.11
2011,7,31,89.12,24.19
2011,8,1,89.88,24.43
2011,8,2,93.75,24.02
2011,8,3,92,24.08
2011,8,4,91.25,24.15
2011,8,5,93.44,23.47
2011,8,6,94.5,23.19
2011,8,7,93.88,23.37
2011,8,8,91.25,23.83
2011,8,9,89.25,24.06
2011,8,10,91.12,23.69
2011,8,11,89.44,24.15
2011,8,12,90.56,23.97
2011,8,13,92.94,23.33
2011,8,14,90.88,23.71
2011,8,15,91.69,23.46
2011,8,16,88.56,24.05
2011,8,17,89.19,23.77
2011,8,18,91.44,23.19
2011,8,19,88.62,23.9
2011,8,20,86.12,24.59
2011,8,21,91.31,24.15
2011,8,22,93.81,22.93
2011,8,23,92.69,23.71
2011,8,24,90.62,24.67
2011,8,25,92.69,24.26
2011,8,26,95.81,23.35
2011,8,27,91.94,23.64
2011,8,28,91.25,24
2011,8,29,90.62,24.35
2011,8,30,92.62,24.07
2011,8,31,92.62,24.01
2011,9,1,91.88,23.22
2011,9,2,89.12,24.52
2011,9,3,91.62,24.48
2011,9,4,91.62,24.22
2011,9,5,92.38,24.16
2011,9,6,88.81,25.2
2011,9,7,89.5,25.16
2011,9,8,96.25,23.72
2011,9,9,94.12,23.67
2011,9,10,89.5,24.58
2011,9,11,91.31,24.59
2011,9,12,92.12,24.76
2011,9,13,92.06,24.65
2011,9,14,91.56,24.58
2011,9,15,92.88,23.59
2011,9,16,93,23.8
2011,9,17,90.62,24.33
2011,9,18,94.75,23.41
2011,9,19,91.31,24.05
2011,9,20,94.38,23.77
2011,9,21,93.5,23.91
2011,9,22,91.69,24.62
2011,9,23,91.12,24.86
2011,9,24,92.19,24.77
2011,9,25,90.94,24.92
2011,9,26,91.06,24.85
2011,9,27,94.75,23.87
2011,9,28,91.69,23.87
2011,9,29,93.12,23.56
2011,9,30,90.62,24.83
2011,10,1,95.25,24.12
2011,10,2,89.81,24.8
2011,10,3,91.5,24.76
2011,10,4,91.69,24.88
2011,10,5,92.31,25.03
2011,10,6,94.44,24.68
2011,10,7,93.12,24.98
2011,10,8,91.56,25.19
2011,10,9,91.81,25.33
2011,10,10,96,24.3
2011,10,11,90.12,25.18
2011,10,12,92.62,24.76
2011,10,13,87.94,24.55
2011,10,14,90.75,24.51
2011,10,15,93.06,24.3
2011,10,16,89.06,25.37
2011,10,17,90.88,25.37
2011,10,18,94.38,24.98
2011,10,19,93,24.96
2011,10,20,93.12,25.02
2011,10,21,92.44,24.82
2011,10,22,95.44,23.73
2011,10,23,89.38,24.12
2011,10,24,94.5,23.77
2011,10,25,92.25,24.22
2011,10,26,90.94,24.08
2011,10,27,89,24.88
2011,10,28,88.25,24.95
2011,10,29,88.19,25.18
2011,10,30,93.44,24.6
2011,10,31,92.38,24.87
2011,11,1,90.94,25.01
2011,11,2,92.19,24.56
2011,11,3,91,24.26
2011,11,4,92.88,24.44
2011,11,5,90.56,24.84
2011,11,6,89,25.26
2011,11,7,88.19,25.58
2011,11,8,91.25,25.26
2011,11,9,89.25,25.81
2011,11,10,89.81,25.66
2011,11,11,88.56,25.71
2011,11,12,87.19,25.92
2011,11,13,88.75,25.52
2011,11,14,88.81,25.51
2011,11,15,88.31,25.43
2011,11,16,84.75,25.74
2011,11,17,85.94,24.23
2011,11,18,87.06,24.9
2011,11,19,89.88,25.26
2011,11,20,89.62,25.54
2011,11,21,89.69,25.45
2011,11,22,91.81,25.14
2011,11,23,92.25,24.81
2011,11,24,86.94,25.27
2011,11,25,79.31,25.06
2011,11,26,72.19,24.44
2011,11,27,73.19,24.91
2011,11,28,74.56,23.38
2011,11,29,80.12,23.42
2011,11,30,68.06,22.27
2011,12,1,68.12,22.09
2011,12,2,65.25,22.1
2011,12,3,69.56,21.74
2011,12,4,73.81,22.79
2011,12,5,75.38,23.51
2011,12,6,73.81,24.44
2011,12,7,73.75,23.87
2011,12,8,78.19,24.01
2011,12,9,70.25,22.46
2011,12,10,67.44,21.25
2011,12,11,69.62,20.79
2011,12,12,72.62,21.23
2011,12,13,70,21.36
2011,12,14,65.38,21.89
2011,12,15,67.88,21.4
2011,12,16,67,21.6
2011,12,17,69.5,21.84
2011,12,18,78.31,22.57
2011,12,19,85.31,24.54
2011,12,20,84.25,24.48
2011,12,21,85.19,24.45
2011,12,22,86.56,24.86
2011,12,23,84.06,25.45
2011,12,24,82.06,25.29
2011,12,25,78.06,24.6
2011,12,26,70.81,23.61
2011,12,27,80.81,24.77
2011,12,28,86.44,25.19
2011,12,29,93.56,24.28
2011,12,30,87.38,24.79
2011,12,31,80.12,24.34
2012,1,1,77.25,23.89
2012,1,2,66.25,23.45
2012,1,3,70.62,21.74
2012,1,4,67.88,22.11
2012,1,5,71.19,22.08
2012,1,6,67.5,22.55
2012,1,7,64.75,23.16
2012,1,8,65.31,23.69
2012,1,9,68,23.51
2012,1,10,68.88,23.16
2012,1,11,71.94,23.41
2012,1,12,65.88,22.95
2012,1,13,66.38,21.89
2012,1,14,63.62,21.32
2012,1,15,62.69,22.01
2012,1,16,63.81,22.96
2012,1,17,65.75,22.73
2012,1,18,82.38,23.2
2012,1,19,90.06,23.98
2012,1,20,85.69,25.02
2012,1,21,85.88,25.35
2012,1,22,88.62,24.96
2012,1,23,89.44,24.98
2012,1,24,82.75,25.95
2012,1,25,85.75,25.82
2012,1,26,87.88,25.59
2012,1,27,85.88,25.76
2012,1,28,87.31,25.61
2012,1,29,89.44,25.56
2012,1,30,92.56,24.69
2012,1,31,94,24.35
2012,2,1,91.75,24.79
2012,2,2,85.62,25.89
2012,2,3,84.69,25.93
2012,2,4,84.44,26.01
2012,2,5,85.38,26.3
2012,2,6,89.19,25.83
2012,2,7,84.88,25.38
2012,2,8,86.44,25.49
2012,2,9,87.38,25.26
2012,2,10,84.81,25.48
2012,2,11,85.12,25.63
2012,2,12,85.5,25.75
2012,2,13,86.62,25.6
2012,2,14,85.25,25.9
2012,2,15,85.62,25.8
2012,2,16,85.75,25.64
2012,2,17,86.12,25.78
2012,2,18,87.62,25.58
2012,2,19,86.12,25.85
2012,2,20,91.31,24.98
2012,2,21,86.69,25.21
2012,2,22,91.5,24.17
2012,2,23,86.31,25.59
2012,2,24,87.69,25.51
2012,2,25,86.94,25.98
2012,2,26,90.38,25.34
2012,2,27,91.62,25.18
2012,2,28,91.44,24.81
2012,2,29,90.06,24.71
2012,3,1,90.31,25.11
2012,3,2,92.25,24.46
2012,3,3,80.12,25.44
2012,3,4,86.31,25.83
2012,3,5,88.81,25.27
2012,3,6,87.06,25.55
2012,3,7,90.12,25.23
2012,3,8,90.88,25.21
2012,3,9,92,24.9
2012,3,10,89.19,24.9
2012,3,11,82.88,25.62
2012,3,12,84.19,24.19
2012,3,13,82.38,25
2012,3,14,85.31,25.66
2012,3,15,87.88,26.03
2012,3,16,87.31,26.26
2012,3,17,87.62,26.4
2012,3,18,90.62,25.98
2012,3,19,90.25,25.76
2012,3,20,83.44,26.4
2012,3,21,89.56,25.84
2012,3,22,89.5,26.08
2012,3,23,91.88,25.55
2012,3,24,91.94,25.73
2012,3,25,93.56,25.05
2012,3,26,85.38,26.3
2012,3,27,87.25,26.2
2012,3,28,88.12,26.62
2012,3,29,91.38,26.27
2012,3,30,92.06,25.98
2012,3,31,91.69,25.69
2012,4,1,92.25,25.4
2012,4,2,91.88,25.44
2012,4,3,91.12,25.04
2012,4,4,91.12,24.78
2012,4,5,87.69,25.72
2012,4,6,89.75,26.08
2012,4,7,93.12,25.62
2012,4,8,93.88,25.74
2012,4,9,91.25,25.7
2012,4,10,89.44,26.19
2012,4,11,91,26.04
2012,4,12,92.12,25.94
2012,4,13,91.75,25.87
2012,4,14,95.06,25
2012,4,15,92,25.34
2012,4,16,93.62,24.68
2012,4,17,91.69,24.6
2012,4,18,92.12,24.68
2012,4,19,92.69,24.33
2012,4,20,90.38,25.25
2012,4,21,91.81,25.39
2012,4,22,94.75,25.18
2012,4,23,90,26.05
2012,4,24,93.19,25.19
2012,4,25,90.81,25.29
2012,4,26,85.94,25.98
2012,4,27,86.25,26.45
2012,4,28,88.5,26.62
2012,4,29,88.5,26.58
2012,4,30,92.56,25.76
2012,5,1,90.69,25.98
2012,5,2,89.31,26.04
2012,5,3,89,26.11
2012,5,4,91.56,25.47
2012,5,5,91.06,25.25
2012,5,6,90.06,25.51
2012,5,7,91.31,25.55
2012,5,8,94.12,24.92
2012,5,9,91.31,24.73
2012,5,10,89.12,25.05
2012,5,11,88.94,25.13
2012,5,12,86.25,25.23
2012,5,13,92.12,24.4
2012,5,14,94.62,23.98
2012,5,15,93.56,24.76
2012,5,16,94.06,24.89
2012,5,17,91.62,25.4
2012,5,18,93.5,25.32
2012,5,19,93.88,25.15
2012,5,20,89.62,25.26
2012,5,21,89.75,24.92
2012,5,22,92.44,24.69
2012,5,23,92.69,24.77
2012,5,24,93.88,24.97
2012,5,25,93.19,24.6
2012,5,26,92.31,24.4
2012,5,27,88.5,25.3
2012,5,28,93.38,24.81
2012,5,29,93.69,24.52
2012,5,30,93.88,23.94
2012,5,31,90.19,25.01
2012,6,1,90.62,25.59
2012,6,2,95.12,24.58
2012,6,3,90.44,24.62
2012,6,4,91.94,24.53
2012,6,5,94.12,24.19
2012,6,6,91.62,24.59
2012,6,7,93.06,24.3
2012,6,8,89.5,25.31
2012,6,9,88.69,25.95
2012,6,10,90.19,26.04
2012,6,11,95.19,25.08
2012,6,12,97.31,24.7
2012,6,13,89.5,24.54
2012,6,14,93.56,24.41
2012,6,15,90.38,24.98
2012,6,16,92,24.44
2012,6,17,95.38,23.48
2012,6,18,89.25,24.26
2012,6,19,90.19,24.83
2012,6,20,94.06,24.33
2012,6,21,92.19,24.02
2012,6,22,94.38,24.08
2012,6,23,91.56,24.65
2012,6,24,93.5,23.72
2012,6,25,93.62,23.37
2012,6,26,91.44,24.03
2012,6,27,92.62,24.23
2012,6,28,96.31,23.08
2012,6,29,94.19,23.14
2012,6,30,93.31,23.53
2012,7,1,93.38,23.93
2012,7,2,93.44,23.52
2012,7,3,94.25,23.6
2012,7,4,92.88,23.49
2012,7,5,91,23.33
2012,7,6,89.62,24.13
2012,7,7,92.62,23.69
2012,7,8,93.31,23.48
2012,7,9,90.25,24.33
2012,7,10,89.31,24.48
2012,7,11,91.94,24.29
2012,7,12,91.56,24.3
2012,7,13,92.5,24.19
2012,7,14,91.69,23.94
2012,7,15,93.94,23.19
2012,7,16,90.81,23.63
2012,7,17,89.31,24.1
2012,7,18,92.62,24
2012,7,19,91.81,24.02
2012,7,20,91.94,23.73
2012,7,21,91.69,24.12
2012,7,22,93.06,23.69
2012,7,23,91,23.87
2012,7,24,91.38,24.16
2012,7,25,95.06,23.4
2012,7,26,95.06,23.27
2012,7,27,92.75,23.26
2012,7,28,89.81,24.25
2012,7,29,89.06,24.54
2012,7,30,91.12,24.04
2012,7,31,92.44,23.86
2012,8,1,92.44,23.71
2012,8,2,90.38,24.16
2012,8,3,91.5,24.13
2012,8,4,91.62,24.07
2012,8,5,88.75,24.38
2012,8,6,90.31,23.7
2012,8,7,91.25,23.79
2012,8,8,88.56,24.34
2012,8,9,88.31,24.33
2012,8,10,90.44,23.39
2012,8,11,92.88,22.7
2012,8,12,87.75,23.62
2012,8,13,87.62,23.74
2012,8,14,93,22.19
2012,8,15,87.81,23.37
2012,8,16,87.06,23.43
2012,8,17,92.69,22.73
2012,8,18,90.81,23.38
2012,8,19,89.5,23.69
2012,8,20,91.38,23.77
2012,8,21,92.5,23.84
2012,8,22,92,23.51
2012,8,23,92.88,23.25
2012,8,24,93.75,23.12
2012,8,25,90.75,23.89
2012,8,26,89.12,24.55
2012,8,27,91.19,24.11
2012,8,28,93.25,23.62
2012,8,29,92.88,23.58
2012,8,30,90.38,24.25
2012,8,31,90.69,24.3
2012,9,1,94.88,22.96
2012,9,2,92.06,23.62
2012,9,3,90.44,24.09
2012,9,4,93.38,23.58
2012,9,5,90.75,23.85
2012,9,6,89.38,24.47
2012,9,7,93.62,23.61
2012,9,8,90.88,24.15
2012,9,9,92.19,23.94
2012,9,10,90.75,24.21
2012,9,11,90.94,24.2
2012,9,12,93.12,23.79
2012,9,13,93.62,23.63
2012,9,14,90.94,24.73
2012,9,15,93.56,24.15
2012,9,16,93.94,23.73
2012,9,17,91.25,23.98
2012,9,18,89.25,24.53
2012,9,19,93.38,23.98
2012,9,20,91.19,24.43
2012,9,21,89.69,24.78
2012,9,22,91.62,24.53
2012,9,23,91.62,24.33
2012,9,24,90.12,24.9
2012,9,25,91.88,25.01
2012,9,26,95.94,24.12
2012,9,27,93.06,24.28
2012,9,28,88.25,24.97
2012,9,29,93.56,24.27
2012,9,30,92.69,24.31
2012,10,1,91.12,24.43
2012,10,2,89.31,24.94
2012,10,3,89,25.73
2012,10,4,94.5,24.5
2012,10,5,92.81,24.4
2012,10,6,93.5,23.89
2012,10,7,92.56,23.93
2012,10,8,92.31,24.35
2012,10,9,91.5,24.19
2012,10,10,91.12,25.13
2012,10,11,92.5,25
2012,10,12,91.25,24.97
2012,10,13,91.88,24.93
2012,10,14,88.38,25.9
2012,10,15,95.44,24.48
2012,10,16,94,24.1
2012,10,17,91.56,24.62
2012,10,18,95,24.25
2012,10,19,96.12,23.87
2012,10,20,89.94,24.6
2012,10,21,89.62,25.09
2012,10,22,91.19,25.05
2012,10,23,92.25,25.04
2012,10,24,93.62,24.15
2012,10,25,90.81,24.84
2012,10,26,90.94,25.3
2012,10,27,93.69,24.62
2012,10,28,93.44,24.79
2012,10,29,89.56,25.66
2012,10,30,92.88,24.86
2012,10,31,90.56,24.85
2012,11,1,87.06,25.58
2012,11,2,90.25,25.55
2012,11,3,91.12,25.04
2012,11,4,89.38,25.31
2012,11,5,93,24.71
2012,11,6,91.88,24.91
2012,11,7,91.56,24.98
2012,11,8,91,25.36
2012,11,9,91,25.02
2012,11,10,88.69,25.19
2012,11,11,87.81,25.76
2012,11,12,92.56,24.8
2012,11,13,90,24.8
2012,11,14,85.88,26.17
2012,11,15,83.25,26.71
2012,11,16,81.44,25.88
2012,11,17,87.12,25.97
2012,11,18,91.06,25.73
2012,11,19,94.81,25.12
2012,11,20,90.12,25.69
2012,11,21,95.19,24.75
2012,11,22,88.69,25.85
2012,11,23,92.56,24.98
2012,11,24,94.06,24.76
2012,11,25,94.12,24.77
2012,11,26,95,24.25
2012,11,27,88.81,25.25
2012,11,28,89.06,25.58
2012,11,29,83.94,26.03
2012,11,30,78.94,25.29
2012,12,1,87.88,25.37
2012,12,2,85.12,25.94
2012,12,3,94.38,24.44
2012,12,4,89.06,25.04
2012,12,5,90.56,25.2
2012,12,6,88.38,25.13
2012,12,7,90.88,25.01
2012,12,8,94.81,24.29
2012,12,9,90.69,25
2012,12,10,89.44,25.44
2012,12,11,88.44,25.55
2012,12,12,83.38,26.01
2012,12,13,77.88,25.2
2012,12,14,77.25,25.12
2012,12,15,80.5,24.9
2012,12,16,85.19,24.51
2012,12,17,71.19,22.55
2012,12,18,71.75,22.73
2012,12,19,69.81,23.94
2012,12,20,68.69,23.33
2012,12,21,68.56,23.47
2012,12,22,71.31,23.44
2012,12,23,71.25,23.62
2012,12,24,71.69,21.98
2012,12,25,67.81,22.54
2012,12,26,67.88,22.66
2012,12,27,70.69,22.54
2012,12,28,72.44,23.29
2012,12,29,70.44,22.18
2012,12,30,74.06,23.76
2012,12,31,66.75,22.37
2013,1,1,64.81,22.62
2013,1,2,65.75,22.68
2013,1,3,66.25,23.64
2013,1,4,70.06,24.38
2013,1,5,75.5,23.31
2013,1,6,73.94,24.73
2013,1,7,87.69,24.23
2013,1,8,70,24.24
2013,1,9,69.94,23.4
2013,1,10,68.12,23.43
2013,1,11,65,23.38
2013,1,12,67.12,23.34
2013,1,13,66.5,23.51
2013,1,14,64.62,24.38
2013,1,15,77.56,24.87
2013,1,16,77.31,24.97
2013,1,17,92.38,24.98
2013,1,18,93.31,25.13
2013,1,19,92.81,24.91
2013,1,20,88.5,26.03
2013,1,21,88.62,26.26
2013,1,22,88.19,26.55
2013,1,23,94.31,25.36
2013,1,24,92.44,25.28
2013,1,25,93.19,25.33
2013,1,26,93.44,25.25
2013,1,27,93.75,24.61
2013,1,28,82,24.87
2013,1,29,85.69,24.68
2013,1,30,85.44,25.44
2013,1,31,71.38,23.3
2013,2,1,66.62,21.19
2013,2,2,64.69,22.19
2013,2,3,74.94,23.75
2013,2,4,75.88,25.24
2013,2,5,83.44,25.43
2013,2,6,85.31,26.37
2013,2,7,85.88,26.04
2013,2,8,85.19,26.18
2013,2,9,85.12,24.81
2013,2,10,90.56,24.75
2013,2,11,88.12,25.33
2013,2,12,86.88,26
2013,2,13,91.19,25.33
2013,2,14,88.5,25.83
2013,2,15,90.94,25.36
2013,2,16,84.12,26.48
2013,2,17,88.62,25.44
2013,2,18,89.44,25.41
2013,2,19,91.19,25.24
2013,2,20,93.62,24.58
2013,2,21,88.06,25.97
2013,2,22,91.56,25.58
2013,2,23,87.31,26.84
2013,2,24,89.81,26.22
2013,2,25,88.75,26.25
2013,2,26,93,25.28
2013,2,27,92.62,25.5
2013,2,28,89.12,26.48
2013,3,1,90.06,26.33
2013,3,2,90.31,25.9
2013,3,3,89.44,26.56
2013,3,4,92.12,26.01
2013,3,5,89.69,26.19
2013,3,6,88.94,26.85
2013,3,7,91,26.39
2013,3,8,88.25,26.88
2013,3,9,90.5,26.39
2013,3,10,90.81,26.06
2013,3,11,91.62,25.57
2013,3,12,89.56,26.13
2013,3,13,91.31,26.03
2013,3,14,90.69,26.02
2013,3,15,91.25,25.69
2013,3,16,90.31,25.98
2013,3,17,92.06,25.26
2013,3,18,88.12,26.21
2013,3,19,89.06,26.38
2013,3,20,91.81,25.9
2013,3,21,91.56,25.8
2013,3,22,89.12,26.35
2013,3,23,93,25.4
2013,3,24,91.38,25.67
2013,3,25,91.19,25.54
2013,3,26,93.12,25.4
2013,3,27,91.5,25.37
2013,3,28,89.5,25.3
2013,3,29,88.69,25.87
2013,3,30,91,25.3
2013,3,31,84.94,25.94
2013,4,1,91.94,25.62
2013,4,2,92.88,25.34
2013,4,3,87.44,25.62
2013,4,4,88.44,26.08
2013,4,5,86.94,26.71
2013,4,6,90.31,26.36
2013,4,7,89.31,26.17
2013,4,8,92.25,25.6
2013,4,9,92.56,25.41
2013,4,10,91.31,25.22
2013,4,11,86.12,26.4
2013,4,12,90,26.23
2013,4,13,90.06,26.15
2013,4,14,89.44,26.23
2013,4,15,91.75,25.83
2013,4,16,89.62,25.94
2013,4,17,90.25,25.69
2013,4,18,90.5,25.72
2013,4,19,93.19,25.1
2013,4,20,91.62,25.37
2013,4,21,88.81,26.51
2013,4,22,92.5,25.63
2013,4,23,89.75,25.48
2013,4,24,88.56,26.12
2013,4,25,89.38,26.4
2013,4,26,94.5,25.3
2013,4,27,89.94,25.64
2013,4,28,86.31,26.06
2013,4,29,91.5,25.94
2013,4,30,94.56,25.37
2013,5,1,95.06,24.81
2013,5,2,89.44,26.14
2013,5,3,90.69,25.96
2013,5,4,94.06,25.21
2013,5,5,92.38,25.29
2013,5,6,93.19,25.32
2013,5,7,91.25,25.15
2013,5,8,91.81,25.05
2013,5,9,89.44,25.94
2013,5,10,94.12,25.01
2013,5,11,94.44,23.84
2013,5,12,88.06,25.07
2013,5,13,90.06,25.44
2013,5,14,93.81,24.79
2013,5,15,92.44,24.9
2013,5,16,89.25,25.94
2013,5,17,92.62,25.86
2013,5,18,95.31,25.2
2013,5,19,94.25,25.11
2013,5,20,92.31,25.47
2013,5,21,93.19,25.17
2013,5,22,92.19,25.49
2013,5,23,91.88,25.36
2013,5,24,93.88,25.01
2013,5,25,95.19,25.38
2013,5,26,94.12,25.73
2013,5,27,94.38,24.5
2013,5,28,92.06,24.13
2013,5,29,92,24.89
2013,5,30,94.62,24.26
2013,5,31,92.25,24.83
2013,6,1,94.81,24.58
2013,6,2,95.12,24.06
2013,6,3,92.56,24.28
2013,6,4,90.19,24.22
2013,6,5,94.44,23.67
2013,6,6,91.5,24.22
2013,6,7,90.5,25.02
2013,6,8,89.62,25.9
2013,6,9,91.88,25.16
2013,6,10,92.88,24.65
2013,6,11,91.62,24.94
2013,6,12,93,24.58
2013,6,13,92.62,24.58
2013,6,14,93.81,24.62
2013,6,15,91.44,24.87
2013,6,16,91.62,24.77
2013,6,17,90.88,25.23
2013,6,18,92.94,25.07
2013,6,19,94.94,24.35
2013,6,20,93.88,24.41
2013,6,21,91,24.87
2013,6,22,89.88,25.23
2013,6,23,90.06,24.9
2013,6,24,93.62,23.82
2013,6,25,89.81,24.48
2013,6,26,89.69,24.9
2013,6,27,96.06,23.48
2013,6,28,90.81,24.16
2013,6,29,90.06,23.83
2013,6,30,92.5,23.98
2013,7,1,90.62,24.63
2013,7,2,92.56,24.35
2013,7,3,95.5,23.48
2013,7,4,96.5,22.74
2013,7,5,94.06,23.23
2013,7,6,92.44,23.9
2013,7,7,91.69,24.19
2013,7,8,95.5,23.13
2013,7,9,89.81,24.25
2013,7,10,92.31,24.18
2013,7,11,93.31,24.03
2013,7,12,92.25,23.99
2013,7,13,89.88,24.2
2013,7,14,95.12,22.61
2013,7,15,88.5,23.97
2013,7,16,90.88,24.13
2013,7,17,89.75,24.48
2013,7,18,89.88,24.23
2013,7,19,89.75,24.1
2013,7,20,92.5,23.81
2013,7,21,93.12,23.51
2013,7,22,90.06,24.24
2013,7,23,90.5,24.39
2013,7,24,91.88,24.01
2013,7,25,91.94,23.48
2013,7,26,92.44,23.43
2013,7,27,90.38,24.11
2013,7,28,93.56,23.12
2013,7,29,91.56,23.3
2013,7,30,89.88,23.81
2013,7,31,88.06,24.15
2013,8,1,88.88,23.93
2013,8,2,90.88,23.1
2013,8,3,88.56,23.87
2013,8,4,90,23.49
2013,8,5,90.5,23.28
2013,8,6,89.56,23.91
2013,8,7,93.69,22.69
2013,8,8,90.38,23.53
2013,8,9,88.31,23.42
2013,8,10,87,23.57
2013,8,11,87.06,23.62
2013,8,12,88.75,23.05
2013,8,13,87.12,23.4
2013,8,14,87.81,23.39
2013,8,15,89.5,22.9
2013,8,16,88.44,23.67
2013,8,17,89.56,23.49
2013,8,18,88.56,24.13
2013,8,19,87.81,24.8
2013,8,20,89.69,24.03
2013,8,21,92.12,23.63
2013,8,22,89.5,24.08
2013,8,23,87.25,24.49
2013,8,24,90.94,24.12
2013,8,25,94.94,23.2
2013,8,26,90.38,24.33
2013,8,27,94.06,23.48
2013,8,28,94.69,23.52
2013,8,29,93.56,23.56
2013,8,30,92.56,23.83
2013,8,31,92.12,23.89
2013,9,1,93.31,23.45
2013,9,2,92,23.7
2013,9,3,88.94,24.65
2013,9,4,92.88,24.26
2013,9,5,96.31,23.15
2013,9,6,91,23.98
2013,9,7,92.19,23.94
2013,9,8,95.06,23.62
2013,9,9,90.62,24.17
2013,9,10,95,23.3
2013,9,11,92.56,23.72
2013,9,12,91.06,24
2013,9,13,90.88,24.26
2013,9,14,92.81,24.08
2013,9,15,93.5,23.9
2013,9,16,88.88,25.04
2013,9,17,89.31,25.15
2013,9,18,89.25,25.49
2013,9,19,91.88,25.11
2013,9,20,92.38,24.85
2013,9,21,91.81,24.63
2013,9,22,92.94,24.54
2013,9,23,94.88,23.58
2013,9,24,91.62,24.26
2013,9,25,87.81,25.05
2013,9,26,88,25.66
2013,9,27,93.88,24.39
2013,9,28,90.88,24.47
2013,9,29,89.44,25.02
2013,9,30,87.75,25.37
2013,10,1,92.12,24.79
2013,10,2,91.56,24.73
2013,10,3,93.62,24.11
2013,10,4,92,23.74
2013,10,5,88.12,24.82
2013,10,6,91.44,24.77
2013,10,7,89.25,24.87
2013,10,8,92.31,24.56
2013,10,9,93.88,24.23
2013,10,10,92.19,24.24
2013,10,11,88.44,25.27
2013,10,12,88.12,25.84
2013,10,13,90.44,25.14
2013,10,14,89.25,24.93
2013,10,15,89.38,24.97
2013,10,16,89.31,25.51
2013,10,17,91.12,25.38
2013,10,18,90.06,25.57
2013,10,19,89.19,25.75
2013,10,20,89.62,25.53
2013,10,21,89.62,25.12
2013,10,22,89.94,25.12
2013,10,23,89.12,25.28
2013,10,24,91,25.16
2013,10,25,92.69,24.66
2013,10,26,88.44,25.31
2013,10,27,88.25,25.48
2013,10,28,89.44,25.41
2013,10,29,93.56,24.18
2013,10,30,88.75,25.26
2013,10,31,89.94,25.26
2013,11,1,92.5,25.12
2013,11,2,90.38,25.55
2013,11,3,92.88,24.96
2013,11,4,88.81,25.4
2013,11,5,91.75,24.73
2013,11,6,93.31,24.62
2013,11,7,89.56,25.19
2013,11,8,93.5,24.45
2013,11,9,93.81,24.22
2013,11,10,89.31,25.43
2013,11,11,88.81,25.86
2013,11,12,92.94,24.84
2013,11,13,94.81,24.2
2013,11,14,93.75,24.08
2013,11,15,89.31,24.9
2013,11,16,89.88,25.3
2013,11,17,91.81,25.29
2013,11,18,91.19,25.55
2013,11,19,92.12,25.34
2013,11,20,89.38,25.12
2013,11,21,89.44,25.24
2013,11,22,88.81,25.65
2013,11,23,91.19,24.94
2013,11,24,90,24.91
2013,11,25,94.62,24.04
2013,11,26,89.19,25.33
2013,11,27,89.44,25.52
2013,11,28,89.5,25.71
2013,11,29,86.56,26.51
2013,11,30,88.94,26.22
2013,12,1,90,25.73
2013,12,2,89.38,25.87
2013,12,3,94.5,24.66
2013,12,4,93.62,24.25
2013,12,5,88.75,24.8
2013,12,6,89.81,25.05
2013,12,7,91.75,24.85
2013,12,8,91.88,24.54
2013,12,9,93.25,24.61
2013,12,10,93.5,24.42
2013,12,11,92.56,24.23
2013,12,12,90.38,24.46
2013,12,13,86.31,24.62
2013,12,14,81.56,22.63
2013,12,15,78.19,21.56
2013,12,16,71.62,20.77
2013,12,17,67,21
2013,12,18,67.81,20.87
2013,12,19,66.44,21.4
2013,12,20,62.31,22.46
2013,12,21,67.25,23.68
2013,12,22,76.31,24.15
2013,12,23,82.44,24.83
2013,12,24,84.44,25.98
2013,12,25,86.88,25.69
2013,12,26,84.81,25.41
2013,12,27,83.38,25.6
2013,12,28,83.19,25.63
2013,12,29,82.88,26.08
2013,12,30,86,25.47
2013,12,31,86.5,25.34
2014,1,1,88,24.98
2014,1,2,84.12,25.66
2014,1,3,79.5,25.05
2014,1,4,73,23.44
2014,1,5,65.88,23.54
2014,1,6,76.69,24.07
2014,1,7,78.69,24.22
2014,1,8,77.56,23.84
2014,1,9,71.62,23.96
2014,1,10,69.75,23.77
2014,1,11,68.31,23.26
2014,1,12,72.88,23.36
2014,1,13,73.56,24.06
2014,1,14,86.25,24.37
2014,1,15,85.62,25.15
2014,1,16,87.06,25.33
2014,1,17,88.31,25.15
2014,1,18,86.06,25.93
2014,1,19,87.06,25.66
2014,1,20,90.5,25.08
2014,1,21,90.12,25.15
2014,1,22,89.62,25.6
2014,1,23,93.38,24.92
2014,1,24,94,24.45
2014,1,25,88,25.42
2014,1,26,91.69,24.98
2014,1,27,87.5,25.83
2014,1,28,87.19,26.05
2014,1,29,88.12,25.94
2014,1,30,90.75,25.08
2014,1,31,89.81,24.77
2014,2,1,86.31,24.41
2014,2,2,72.5,24.25
2014,2,3,83.94,25.33
2014,2,4,83.75,26.3
2014,2,5,86.06,25.84
2014,2,6,86.5,25
2014,2,7,86.06,25.69
2014,2,8,82.62,26.16
2014,2,9,87.88,25.62
2014,2,10,86,25.9
2014,2,11,88.88,25.44
2014,2,12,90.12,25.19
2014,2,13,89.81,25.02
2014,2,14,81.94,25.53
2014,2,15,77.5,23.65
2014,2,16,67.62,24.33
2014,2,17,81.69,25.1
2014,2,18,85.5,25.01
2014,2,19,86.69,25.45
2014,2,20,86.56,25.36
2014,2,21,84.88,26.29
2014,2,22,85.56,26.81
2014,2,23,87.75,26.62
2014,2,24,91.19,25.54
2014,2,25,87.5,26.23
2014,2,26,88.75,25.85
2014,2,27,90.31,25.7
2014,2,28,92.69,25.19
2014,3,1,91.62,24.65
2014,3,2,83.38,24.87
2014,3,3,84.19,25.26
2014,3,4,86.19,26
2014,3,5,90.19,25.52
2014,3,6,94.31,24.6
2014,3,7,90.12,25.5
2014,3,8,91.38,25.37
2014,3,9,89.56,25.94
2014,3,10,89.44,25.88
2014,3,11,89.94,25.58
2014,3,12,86,26.08
2014,3,13,86.44,26.4
2014,3,14,89.94,25.87
2014,3,15,91.31,25.83
2014,3,16,91.06,25.94
2014,3,17,88.88,26.3
2014,3,18,91.06,25.58
2014,3,19,89.44,26.09
2014,3,20,88.5,26.63
2014,3,21,89.94,26.15
2014,3,22,89.75,26.07
2014,3,23,92.25,25.73
2014,3,24,90.06,25.5
2014,3,25,89.19,25.58
2014,3,26,88.38,25.79
2014,3,27,93.19,25.19
2014,3,28,91.06,25.11
2014,3,29,92.25,25.26
2014,3,30,92.19,25.37
2014,3,31,91.69,25.67
2014,4,1,91.88,25.75
2014,4,2,88.62,26.25
2014,4,3,89.19,26.19
2014,4,4,87.81,26.65
2014,4,5,90.81,25.81
2014,4,6,92.56,25.57
2014,4,7,91.31,25.76
2014,4,8,90.69,25.56
2014,4,9,92.06,25.51
2014,4,10,91.44,25.3
2014,4,11,89.75,25.63
2014,4,12,87.06,26.23
2014,4,13,91.81,25.26
2014,4,14,91.19,25.09
2014,4,15,88.81,25.71
2014,4,16,88.31,26.24
2014,4,17,91.75,25.92
2014,4,18,94.62,24.99
2014,4,19,91.38,25.54
2014,4,20,91.69,25.61
2014,4,21,92.56,25.59
2014,4,22,93.19,25.58
2014,4,23,92.31,25.69
2014,4,24,92.69,25.46
2014,4,25,91.81,25.64
2014,4,26,90.44,25.44
2014,4,27,89.69,25.67
2014,4,28,90.69,25.76
2014,4,29,91.62,25.56
2014,4,30,92.94,25.05
2014,5,1,87,25.98
2014,5,2,89.69,26.17
2014,5,3,90.38,26.45
2014,5,4,87.38,26.98
2014,5,5,93.81,25.72
2014,5,6,95.06,25.11
2014,5,7,93.19,25.27
2014,5,8,93.19,24.73
2014,5,9,88.56,25.71
2014,5,10,89.62,25.76
2014,5,11,91.19,25.78
2014,5,12,92.56,25.83
2014,5,13,94.5,25.4
2014,5,14,91.69,25.54
2014,5,15,90.88,24.57
2014,5,16,89.19,25.79
2014,5,17,91.81,25.65
2014,5,18,92.38,25.66
2014,5,19,94.75,25.36
2014,5,20,94.12,25.57
2014,5,21,91.31,25.78
2014,5,22,92.75,25.4
2014,5,23,90.75,25.96
2014,5,24,91.69,25.77
2014,5,25,89.31,26.31
2014,5,26,93.75,25.59
2014,5,27,92.5,25.33
2014,5,28,92.81,24.82
2014,5,29,92,24.57
2014,5,30,88.69,25.34
2014,5,31,89.88,25.94
2014,6,1,93.88,25.26
2014,6,2,92.25,24.81
2014,6,3,91.5,25.18
2014,6,4,93.94,24.93
2014,6,5,92.81,24.91
2014,6,6,93.75,24.79
2014,6,7,91.81,25.51
2014,6,8,93.5,24.41
2014,6,9,91.88,24.71
2014,6,10,92.5,24.91
2014,6,11,91.81,24.29
2014,6,12,91.19,25.05
2014,6,13,93,24.76
2014,6,14,90,25.22
2014,6,15,89.88,25.59
2014,6,16,90,25.91
2014,6,17,90.5,25.66
2014,6,18,90.75,24.7
2014,6,19,88.44,25.44
2014,6,20,89,25.97
2014,6,21,92.88,25.2
2014,6,22,91.75,25.19
2014,6,23,90.44,24.7
2014,6,24,90.38,24.76
2014,6,25,88.44,24.99
2014,6,26,87.88,25.16
2014,6,27,89.31,25.28
2014,6,28,90.69,24.51
2014,6,29,89.31,24.9
2014,6,30,93.38,24.63
2014,7,1,95.5,24.24
2014,7,2,92.94,24.82
2014,7,3,94.12,24.53
2014,7,4,92.88,24.16
2014,7,5,91.56,24.34
2014,7,6,91.06,24.51
2014,7,7,90.25,24.06
2014,7,8,88.81,24.46
2014,7,9,90.5,24.26
2014,7,10,89,24.8
2014,7,11,87.38,25.19
2014,7,12,88.81,24.87
2014,7,13,91.31,24.56
2014,7,14,88,25.58
2014,7,15,91.75,25.03
2014,7,16,93.94,24.32
2014,7,17,92.25,23.84
2014,7,18,92.5,23.23
2014,7,19,89.25,24.47
2014,7,20,88.38,24.96
2014,7,21,89.75,24.45
2014,7,22,89.19,24.08
2014,7,23,93,23.3
2014,7,24,93.06,23.47
2014,7,25,92.62,23.87
2014,7,26,89.62,24.58
2014,7,27,89.19,24.76
2014,7,28,90.88,24.32
2014,7,29,91.81,24.44
2014,7,30,92.25,24.19
2014,7,31,89.62,24.53
2014,8,1,93.62,23.53
2014,8,2,90.06,24.12
2014,8,3,91.25,24.01
2014,8,4,91.62,24.07
2014,8,5,93,23.63
2014,8,6,92.25,23.4
2014,8,7,93.5,23.37
2014,8,8,91.94,23.73
2014,8,9,90.88,23.48
2014,8,10,87,24.39
2014,8,11,87.38,24.21
2014,8,12,89.31,23.68
2014,8,13,87.62,24.03
2014,8,14,87.44,23.99
2014,8,15,90.88,23.67
2014,8,16,91.56,23.14
2014,8,17,87.62,24.28
2014,8,18,94,23.4
2014,8,19,94.88,23.26
2014,8,20,91.25,23.9
2014,8,21,94.31,23.21
2014,8,22,94.38,22.95
2014,8,23,92.5,23.28
2014,8,24,86.12,25.04
2014,8,25,91.75,24.55
2014,8,26,93.06,23.41
2014,8,27,86.75,25.05
2014,8,28,92.81,24.44
2014,8,29,94.88,23.83
2014,8,30,90.88,24.38
2014,8,31,91.62,23.98
2014,9,1,91.44,23.96
2014,9,2,90.06,23.97
2014,9,3,90.88,23.69
2014,9,4,88.38,24.77
2014,9,5,90.25,24.26
2014,9,6,89.44,24.12
2014,9,7,87.94,24.69
2014,9,8,89.12,24.9
2014,9,9,92.12,24.08
2014,9,10,91.5,24.18
2014,9,11,92.5,24.33
2014,9,12,89.94,24.65
2014,9,13,90.94,24.57
2014,9,14,91.12,24.57
2014,9,15,91.81,24.65
2014,9,16,94.19,23.42
2014,9,17,94,23.24
2014,9,18,87.81,24.89
2014,9,19,89.25,24.95
2014,9,20,94,23.81
2014,9,21,92.88,24.01
2014,9,22,88.94,25.09
2014,9,23,94.69,24.36
2014,9,24,92.5,24.25
2014,9,25,92.75,23.78
2014,9,26,93.31,23.83
2014,9,27,91.94,23.83
2014,9,28,91.19,24.21
2014,9,29,88,25.04
2014,9,30,95,23.89
2014,10,1,90.44,24.48
2014,10,2,91.5,23.41
2014,10,3,90.94,24.34
2014,10,4,89.38,25.06
2014,10,5,89.44,25.27
2014,10,6,91.12,25.28
2014,10,7,90.81,25.25
2014,10,8,90.69,25.22
2014,10,9,89.38,25.62
2014,10,10,91.12,25.25
2014,10,11,96.31,24.12
2014,10,12,90.31,24.96
2014,10,13,90.25,24.9
2014,10,14,91.31,24.97
2014,10,15,90.31,25.33
2014,10,16,90.69,25.61
2014,10,17,93.62,24.9
2014,10,18,93.75,24.46
2014,10,19,93.56,23.91
2014,10,20,85.88,25.27
2014,10,21,87.31,25.59
2014,10,22,89.19,25.65
2014,10,23,94.56,24.38
2014,10,24,92.06,24.73
2014,10,25,91.5,25.44
2014,10,26,92.81,24.73
2014,10,27,89.31,24.92
2014,10,28,93.69,24.87
2014,10,29,90.38,25.49
2014,10,30,94.69,24.55
2014,10,31,91.19,24.44
2014,11,1,89,25.25
2014,11,2,90.38,25.12
2014,11,3,92.25,24.74
2014,11,4,94.19,24.5
2014,11,5,97,23.79
2014,11,6,89.38,24.88
2014,11,7,88.69,25.64
2014,11,8,88.31,26.2
2014,11,9,88.88,26.21
2014,11,10,93.12,25.27
2014,11,11,93.06,24.37
2014,11,12,89.88,25.07
2014,11,13,89.19,25.58
2014,11,14,87.38,26.05
2014,11,15,88.5,25.77
2014,11,16,88.69,25.79
2014,11,17,94.81,24.79
2014,11,18,93.12,24.3
2014,11,19,90.25,24.9
2014,11,20,88.69,25.44
2014,11,21,86.56,25.48
2014,11,22,81.75,26.05
2014,11,23,80.88,24.92
2014,11,24,90.5,25.17
2014,11,25,91,25.01
2014,11,26,87.38,25.5
2014,11,27,89.62,25.23
2014,11,28,91.56,25.12
2014,11,29,84,25.58
2014,11,30,85.06,25.33
2014,12,1,80,24.83
2014,12,2,86.5,25.37
2014,12,3,85.25,25.71
2014,12,4,86.19,25.79
2014,12,5,84.5,25.91
2014,12,6,83.56,25.88
2014,12,7,85.5,25.8
2014,12,8,84.75,25.84
2014,12,9,84.31,26.01
2014,12,10,85,25.9
2014,12,11,90.56,25.18
2014,12,12,84.75,25.9
2014,12,13,81.31,25.33
2014,12,14,77.69,24.24
2014,12,15,79.88,24.6
2014,12,16,85.62,24.8
2014,12,17,83.94,24.99
2014,12,18,84.12,24.99
2014,12,19,88.31,25.2
2014,12,20,88.38,25.26
2014,12,21,83.75,25.58
2014,12,22,75.31,24.21
2014,12,23,69.44,23.02
2014,12,24,67.62,22.33
2014,12,25,69.12,21.83
2014,12,26,65.75,22.49
2014,12,27,68.44,22.78
2014,12,28,66.56,24.04
2014,12,29,75.25,23.93
2014,12,30,86.62,24.12
2014,12,31,73.62,23.01
2015,1,1,75.94,23.9
2015,1,2,73,24.26
2015,1,3,65.5,22.73
2015,1,4,59.69,21.9
2015,1,5,59.12,21.46
2015,1,6,64.88,20.68
2015,1,7,64.81,21.32
2015,1,8,65,21.56
2015,1,9,59.38,20.95
2015,1,10,57.94,19.33
2015,1,11,52.56,19.93
2015,1,12,52.44,20.22
2015,1,13,55.62,19.99
2015,1,14,60.5,21.64
2015,1,15,66.25,22.05
2015,1,16,67.56,21.68
2015,1,17,72,22.3
2015,1,18,82.88,23.7
2015,1,19,85.44,24.53
2015,1,20,85.19,24.98
2015,1,21,84.06,25.53
2015,1,22,84.06,25.88
2015,1,23,84.75,26.1
2015,1,24,86.44,25.77
2015,1,25,86.69,25.55
2015,1,26,87.31,25.57
2015,1,27,88.94,25.33
2015,1,28,87.06,25.76
2015,1,29,86.75,26.05
2015,1,30,85.75,26.15
2015,1,31,87.94,25.42
2015,2,1,86.75,26.08
2015,2,2,85.56,26.64
2015,2,3,84.5,26.77
2015,2,4,83.38,26.94
2015,2,5,84.69,26.94
2015,2,6,89.12,26.13
2015,2,7,88.88,26
2015,2,8,84.75,26.82
2015,2,9,85,26.81
2015,2,10,90,25.75
2015,2,11,86.06,26.33
2015,2,12,90.88,25.4
2015,2,13,88.38,25.52
2015,2,14,90.5,25.51
2015,2,15,89.06,25.76
2015,2,16,87.81,25.77
2015,2,17,86.56,26.01
2015,2,18,93.88,24.97
2015,2,19,87.25,25.1
2015,2,20,85.75,25.83
2015,2,21,85.69,25.98
2015,2,22,89.94,25.54
2015,2,23,91.62,25.58
2015,2,24,85,26.29
2015,2,25,86.5,25.98
2015,2,26,90.75,25.15
2015,2,27,87.38,25.43
2015,2,28,87.19,25.7
2015,3,1,84.81,26.36
2015,3,2,76.5,26.08
2015,3,3,84.69,26.23
2015,3,4,80.69,26.87
2015,3,5,86.88,25.85
2015,3,6,83.38,26.75
2015,3,7,87.88,26.21
2015,3,8,87,26.46
2015,3,9,89.19,26.25
2015,3,10,89.94,26.06
2015,3,11,90.88,25.78
2015,3,12,85,26.8
2015,3,13,86.56,26.89
2015,3,14,84.56,27.37
2015,3,15,89.75,26.49
2015,3,16,91.62,25.91
2015,3,17,93.5,25.44
2015,3,18,88.25,25.95
2015,3,19,90.94,25.96
2015,3,20,92.56,25.37
2015,3,21,94.75,25.36
2015,3,22,90.88,25.51
2015,3,23,91.31,25.9
2015,3,24,91.38,25.17
2015,3,25,91.19,25.65
2015,3,26,91.38,25.57
2015,3,27,89.94,25.83
2015,3,28,90.81,25.83
2015,3,29,91.56,25.82
2015,3,30,89.62,25.88
2015,3,31,90.56,24.36
2015,4,1,87.31,24.89
2015,4,2,86.19,25.44
2015,4,3,92.38,25.4
2015,4,4,93.5,25.44
2015,4,5,92.69,25.29
2015,4,6,88.75,26.26
2015,4,7,89.19,26.08
2015,4,8,91,25.73
2015,4,9,92,25.52
2015,4,10,90.38,25.72
2015,4,11,89.5,25.95
2015,4,12,90,25.85
2015,4,13,85.69,26.68
2015,4,14,82.25,26.61
2015,4,15,85.31,26.75
2015,4,16,86.06,26.65
2015,4,17,86,26.63
2015,4,18,85.88,26.92
2015,4,19,89.44,26.27
2015,4,20,89.88,26.19
2015,4,21,90.62,26.33
2015,4,22,91.38,26.19
2015,4,23,90.56,26.15
2015,4,24,92.88,25.64
2015,4,25,93.81,25.51
2015,4,26,92.5,25.42
2015,4,27,87.06,26.08
2015,4,28,89.94,25.73
2015,4,29,90.31,26.02
2015,4,30,91,25.94
2015,5,1,92.38,25.81
2015,5,2,92.12,25.67
2015,5,3,92.88,25.69
2015,5,4,93,25.73
2015,5,5,92.38,25.08
2015,5,6,88.25,25.44
2015,5,7,89.56,25.94
2015,5,8,92.69,25.96
2015,5,9,91.75,25.62
2015,5,10,91.88,25.46
2015,5,11,92.81,25.37
2015,5,12,92.62,25.82
2015,5,13,93.25,25.75
2015,5,14,94.56,25.35
2015,5,15,87.75,26.4
2015,5,16,90.31,25.83
2015,5,17,91.75,25.84
2015,5,18,92.44,25.32
2015,5,19,91.06,25.69
2015,5,20,91.94,25.51
2015,5,21,91.88,25.8
2015,5,22,91.5,26.13
2015,5,23,93.69,25.17
2015,5,24,90.62,25.03
2015,5,25,87.81,26.14
2015,5,26,90.44,25.82
2015,5,27,91.94,25.69
2015,5,28,91.69,25.21
2015,5,29,92.81,25.09
2015,5,30,90.62,25.62
2015,5,31,96.06,24.87
2015,6,1,92.75,25.09
2015,6,2,95.19,24.5
2015,6,3,93.94,24.58
2015,6,4,94.19,24.89
2015,6,5,95.44,24.24
2015,6,6,94.38,24.34
2015,6,7,93.06,24.83
2015,6,8,94.94,23.88
2015,6,9,89.38,25.15
2015,6,10,90.69,25.4
2015,6,11,93,24.64
2015,6,12,92.69,25.01
2015,6,13,94.31,24.4
2015,6,14,91.56,24.97
2015,6,15,89.19,25.33
2015,6,16,89.38,25.32
2015,6,17,92.12,24.78
2015,6,18,93.81,24.6
2015,6,19,91.5,25.02
2015,6,20,95.44,24.07
2015,6,21,91,24.41
2015,6,22,91.56,24.52
2015,6,23,91,24.74
2015,6,24,90.25,24.9
2015,6,25,92,24.48
2015,6,26,90.44,24.7
2015,6,27,91.75,24.67
2015,6,28,89.94,25.26
2015,6,29,90.25,24.98
2015,6,30,89.94,24.97
2015,7,1,89.38,25.15
2015,7,2,91.88,24.79
2015,7,3,93.19,24.08
2015,7,4,91,24.78
2015,7,5,89.94,25
2015,7,6,88.19,25.6
2015,7,7,91.19,25.28
2015,7,8,91.06,25.33
2015,7,9,88.38,25.98
2015,7,10,94.38,25.12
2015,7,11,95,24.59
2015,7,12,92.19,24.76
2015,7,13,91.81,24.59
2015,7,14,93,24.51
2015,7,15,92.56,24.65
2015,7,16,93,24.48
2015,7,17,90.25,25.08
2015,7,18,91.81,24.83
2015,7,19,91.75,24.38
2015,7,20,87.94,24.55
2015,7,21,87.56,24.55
2015,7,22,85.94,24.82
2015,7,23,87.12,24.63
2015,7,24,90.75,23.84
2015,7,25,89.69,24.44
2015,7,26,90.81,24.26
2015,7,27,93,23.43
2015,7,28,90.81,23.36
2015,7,29,90.44,23.22
2015,7,30,88.06,24.13
2015,7,31,88,24.5
2015,8,1,89.19,24.36
2015,8,2,89.12,24.62
2015,8,3,90.94,24.36
2015,8,4,88.38,24.8
2015,8,5,88.88,24.62
2015,8,6,89.62,24.7
2015,8,7,91.25,24.31
2015,8,8,92.44,24.15
2015,8,9,88.94,24.72
2015,8,10,88.44,24.68
2015,8,11,89.44,24.55
2015,8,12,89.56,24.44
2015,8,13,89.56,24.51
2015,8,14,92.62,23.79
2015,8,15,88.44,24.8
2015,8,16,88.06,25.02
2015,8,17,91.25,24.37
2015,8,18,88.81,24.83
2015,8,19,90.12,24.78
2015,8,20,91.75,24.36
2015,8,21,92.25,24.03
2015,8,22,90.19,24.56
2015,8,23,92.25,24.23
2015,8,24,92.44,24.23
2015,8,25,91,24.4
2015,8,26,90.94,24.41
2015,8,27,92.44,23.9
2015,8,28,92.44,23.8
2015,8,29,91.75,23.96
2015,8,30,87.5,24.69
2015,8,31,91.75,24.12
2015,9,1,88.88,24.45
2015,9,2,87.94,24.61
2015,9,3,89.06,24.87
2015,9,4,90.94,24.64
2015,9,5,95.25,23.83
2015,9,6,94.75,23.72
2015,9,7,93.19,23.79
2015,9,8,89,24.32
2015,9,9,89.94,24.49
2015,9,10,90.25,24.83
2015,9,11,92.56,24.37
2015,9,12,90.38,25
2015,9,13,90.81,24.92
2015,9,14,91.19,24.76
2015,9,15,92.94,24.17
2015,9,16,93.56,23.94
2015,9,17,91.19,24.62
2015,9,18,91,24.7
2015,9,19,90.75,24.79
2015,9,20,91.44,24.43
2015,9,21,92.06,24.3
2015,9,22,90.38,24.83
2015,9,23,88.81,25.54
2015,9,24,94.12,24.49
2015,9,25,92.56,24.19
2015,9,26,88.56,25.25
2015,9,27,90.88,25.15
2015,9,28,90.38,25.23
2015,9,29,92,24.8
2015,9,30,91.81,24.62
2015,10,1,89.38,25.42
2015,10,2,89.06,25.65
2015,10,3,90.62,25.05
2015,10,4,90.25,24.86
2015,10,5,90.5,25.33
2015,10,6,90.56,25.41
2015,10,7,92.62,24.4
2015,10,8,89,24.51
2015,10,9,89.19,24.9
2015,10,10,89.94,24.9
2015,10,11,90.62,25.13
2015,10,12,91.31,25.41
2015,10,13,91.69,25.26
2015,10,14,93.75,25.04
2015,10,15,90.88,25.5
2015,10,16,91.75,25.54
2015,10,17,90.81,25.62
2015,10,18,92.81,25.19
2015,10,19,92.94,25.26
2015,10,20,89.81,25.81
2015,10,21,94.44,24.89
2015,10,22,91.94,25.34
2015,10,23,94.62,24.45
2015,10,24,90.12,25.44
2015,10,25,91.38,25.35
2015,10,26,91.38,25.31
2015,10,27,94,24.71
2015,10,28,92.81,24.55
2015,10,29,94.25,24.13
2015,10,30,88.75,25.16
2015,10,31,89.69,25.62
2015,11,1,90.31,25.27
2015,11,2,94.62,24.33
2015,11,3,88,25.72
2015,11,4,89.31,25.69
2015,11,5,91,25.26
2015,11,6,87.12,25.95
2015,11,7,89.12,25.48
2015,11,8,90.12,25.28
2015,11,9,93.06,24.52
2015,11,10,89.75,25.12
2015,11,11,87.94,25.56
2015,11,12,82.94,25.9
2015,11,13,73.88,25.39
2015,11,14,82.88,25.37
2015,11,15,85.62,25.89
2015,11,16,86,25.97
2015,11,17,83.81,26.07
2015,11,18,82.31,24.82
2015,11,19,85.25,25.39
2015,11,20,84.88,25.84
2015,11,21,84.56,25.14
2015,11,22,84.38,25.95
2015,11,23,83.88,26.35
2015,11,24,86.06,26.44
2015,11,25,86.62,26.27
2015,11,26,86.62,26.39
2015,11,27,85.56,26.34
2015,11,28,84.31,26.24
2015,11,29,84.25,26.41
2015,11,30,85.31,25.86
2015,12,1,90.19,24.57
2015,12,2,84.44,25.23
2015,12,3,71.5,23.73
2015,12,4,69.5,22.52
2015,12,5,67.44,22.63
2015,12,6,62.88,23.09
2015,12,7,63.44,23.3
2015,12,8,63.38,23.62
2015,12,9,65.19,23.9
2015,12,10,64.19,24.12
2015,12,11,64.69,23.65
2015,12,12,64.19,23.12
2015,12,13,67.75,22.42
2015,12,14,62.19,23.19
2015,12,15,57.12,22.88
2015,12,16,55.19,21.85
2015,12,17,58.25,21.44
2015,12,18,58.94,22.26
2015,12,19,58.94,23.09
2015,12,20,61.19,22.72
2015,12,21,61.12,23.28
2015,12,22,59.81,22.57
2015,12,23,59.5,22.72
2015,12,24,58.69,22.1
2015,12,25,60.19,22.3
2015,12,26,60.69,22.68
2015,12,27,59.19,23.32
2015,12,28,60.69,23.38
2015,12,29,62.06,23.05
2015,12,30,67.25,22.39
2015,12,31,65.88,22.57
2016,1,1,63.06,23.08
2016,1,2,55.31,23.14
2016,1,3,55.06,23.8
2016,1,4,57.81,24.08
2016,1,5,67.12,24.12
2016,1,6,72.62,24.87
2016,1,7,67.69,25.07
2016,1,8,80.44,24.77
2016,1,9,82.94,25.89
2016,1,10,83.31,25.94
2016,1,11,82.25,26.28
2016,1,12,74.81,26.3
2016,1,13,74.81,24.86
2016,1,14,79.12,25.5
2016,1,15,69.75,25.16
2016,1,16,78.94,25.15
2016,1,17,83.44,26.17
2016,1,18,83.56,26.49
2016,1,19,86.94,25.53
2016,1,20,77.25,24.96
2016,1,21,73.19,24.25
2016,1,22,77.44,24.66
2016,1,23,81.56,25.55
2016,1,24,62.81,24.41
2016,1,25,47,22.8
2016,1,26,49.56,22.94
2016,1,27,50.56,22.3
2016,1,28,52,23.18
2016,1,29,52.19,23.27
2016,1,30,49.38,23.48
2016,1,31,56.75,23.06
2016,2,1,62.25,22.71
2016,2,2,68.5,24.01
2016,2,3,81.12,24.84
2016,2,4,77,26.28
2016,2,5,72.94,26.43
2016,2,6,73.56,26.4
2016,2,7,70.56,25.41
2016,2,8,82.25,25.84
2016,2,9,70.06,25.92
2016,2,10,60.31,24.84
2016,2,11,63.94,24.35
2016,2,12,77.94,25.15
2016,2,13,77.88,25.51
2016,2,14,79.75,26.2
2016,2,15,81.38,26.74
2016,2,16,80.69,27.33
2016,2,17,82.31,26.82
2016,2,18,79.94,27.52
2016,2,19,80.81,27.51
2016,2,20,79,28.12
2016,2,21,76.31,28.69
2016,2,22,76.75,28.65
2016,2,23,78.44,28.4
2016,2,24,78.44,28.14
2016,2,25,84.56,27.26
2016,2,26,81.19,27.63
2016,2,27,80.88,27.34
2016,2,28,79.5,27.8
2016,2,29,83.38,27.62
2016,3,1,83.75,27.41
2016,3,2,80.12,28
2016,3,3,78.19,28.12
2016,3,4,80.62,28.05
2016,3,5,84.19,27.19
2016,3,6,83.69,27.2
2016,3,7,81.75,27.83
2016,3,8,89,25.18
2016,3,9,87.12,25.93
2016,3,10,88.62,26.19
2016,3,11,88.38,26.65
2016,3,12,87.94,27.05
2016,3,13,88.75,26.14
2016,3,14,83.69,26.82
2016,3,15,82.88,27.48
2016,3,16,89.06,26.68
2016,3,17,89.88,26.58
2016,3,18,88.94,26.51
2016,3,19,87.5,26.69
2016,3,20,87.31,26.9
2016,3,21,87.12,26.94
2016,3,22,89.25,26.73
2016,3,23,90.25,26.37
2016,3,24,92.94,25.93
2016,3,25,87.5,26.46
2016,3,26,89.94,26.41
2016,3,27,91.31,26.46
2016,3,28,87,27.33
2016,3,29,85,27.86
2016,3,30,86.44,27.53
2016,3,31,87.44,27.26
2016,4,1,87.12,26.92
2016,4,2,89.62,26.58
2016,4,3,88,27.11
2016,4,4,87.75,27.17
2016,4,5,89.44,26.61
2016,4,6,91.69,26.25
2016,4,7,85.5,26.17
2016,4,8,86.5,26.9
2016,4,9,87.38,26.82
2016,4,10,88,26.69
2016,4,11,89.12,26.4
2016,4,12,89.62,26.33
2016,4,13,90.19,26.69
2016,4,14,87.81,26.97
2016,4,15,88.5,26.69
2016,4,16,86,26.9
2016,4,17,85.25,27.06
2016,4,18,88.88,26.26
2016,4,19,86.81,26.33
2016,4,20,86.62,26.89
2016,4,21,87.44,27.11
2016,4,22,86.44,27.62
2016,4,23,86.25,27.55
2016,4,24,89.31,26.9
2016,4,25,89.44,26.54
2016,4,26,91.5,26.43
2016,4,27,92.44,26.09
2016,4,28,92.38,26.26
2016,4,29,89.94,26.25
2016,4,30,90.5,26.4
2016,5,1,89.56,26.79
2016,5,2,91.31,26.48
2016,5,3,91.56,25.86
2016,5,4,89.06,26.01
2016,5,5,91.12,25.88
2016,5,6,90.25,26.44
2016,5,7,90.88,26.01
2016,5,8,92.5,25.56
2016,5,9,91,25.8
2016,5,10,88.56,26.62
2016,5,11,87.69,26.77
2016,5,12,92.81,26.05
2016,5,13,92.38,25.8
2016,5,14,93.69,25.67
2016,5,15,94.06,24.91
2016,5,16,89,25.76
2016,5,17,91.69,25
2016,5,18,89.44,25.96
2016,5,19,90.31,25.98
2016,5,20,92.69,25.83
2016,5,21,94.5,25.48
2016,5,22,95,24.91
2016,5,23,93,24.48
2016,5,24,89.19,25.31
2016,5,25,88.69,26.21
2016,5,26,93,25.94
2016,5,27,90.5,26.42
2016,5,28,94.19,25.34
2016,5,29,90.19,25.81
2016,5,30,89.56,24.94
2016,5,31,87.31,25.83
2016,6,1,88,26.31
2016,6,2,88.06,26.11
2016,6,3,90.19,25.47
2016,6,4,86.38,26.21
2016,6,5,94.06,25.28
2016,6,6,93.75,25.15
2016,6,7,93.19,24.92
2016,6,8,90.75,25.62
2016,6,9,95.75,24.88
2016,6,10,89.88,25.08
2016,6,11,90.81,24.91
2016,6,12,93.5,24.73
2016,6,13,91.19,24.54
2016,6,14,91.31,25.06
2016,6,15,96.56,23.29
2016,6,16,91,23.63
2016,6,17,88.31,24.86
2016,6,18,89.44,25.6
2016,6,19,93.94,24.67
2016,6,20,94.31,23.39
2016,6,21,90.81,23.81
2016,6,22,89,24.43
2016,6,23,91.62,24.44
2016,6,24,90.06,24.32
2016,6,25,90.5,24.54
2016,6,26,90.25,24.64
2016,6,27,95.12,23.9
2016,6,28,93.06,23.93
2016,6,29,92.06,24.31
2016,6,30,91.44,24.33
2016,7,1,89.31,24.91
2016,7,2,89.06,25.37
2016,7,3,91.81,24.89
2016,7,4,89.88,24.87
2016,7,5,94.12,24.04
2016,7,6,91.25,24.66
2016,7,7,90.56,24.93
2016,7,8,89.88,25.27
2016,7,9,95.06,23.9
2016,7,10,92.25,24.36
2016,7,11,91.44,24.08
2016,7,12,87.94,24.69
2016,7,13,93.06,23.67
2016,7,14,90.88,24.39
2016,7,15,94.31,23.47
2016,7,16,93.06,23.3
2016,7,17,91.5,23.73
2016,7,18,90.19,24.49
2016,7,19,94.75,23.79
2016,7,20,91.19,24.38
2016,7,21,92,24.43
2016,7,22,93.06,23.68
2016,7,23,94.06,23.51
2016,7,24,93.69,23.54
2016,7,25,91.75,23.66
2016,7,26,91,23.98
2016,7,27,90.25,24.48
2016,7,28,90.12,24.69
2016,7,29,90.81,24.61
2016,7,30,91.75,24.22
2016,7,31,90.44,24.33
2016,8,1,89.88,24.79
2016,8,2,91.5,24.19
2016,8,3,90.38,24.26
2016,8,4,88.25,24.69
2016,8,5,92.31,23.77
2016,8,6,94.19,23.24
2016,8,7,89.5,24.23
2016,8,8,88.12,24.42
2016,8,9,88.56,24.48
2016,8,10,92.25,23.88
2016,8,11,92.19,24.3
2016,8,12,91.94,24.05
2016,8,13,89.56,24.62
2016,8,14,93.75,23.8
2016,8,15,91,24.04
2016,8,16,89.44,24.48
2016,8,17,91.25,23.91
2016,8,18,91.38,24.27
2016,8,19,93.31,24.12
2016,8,20,90.94,24.51
2016,8,21,90.75,24.62
2016,8,22,89.88,24.83
2016,8,23,90.38,24.89
2016,8,24,92.06,24.54
2016,8,25,93.94,23.97
2016,8,26,92.44,23.91
2016,8,27,94.12,23.73
2016,8,28,93.5,24
2016,8,29,89.56,24.67
2016,8,30,93.12,24.2
2016,8,31,90.69,24.49
2016,9,1,92.25,24.22
2016,9,2,88.62,24.44
2016,9,3,90.31,24.66
2016,9,4,89.69,25.15
2016,9,5,92.56,24.41
2016,9,6,92.25,24.15
2016,9,7,91.88,24.4
2016,9,8,90.56,24.85
2016,9,9,93.88,24.19
2016,9,10,91.19,24.68
2016,9,11,95.5,24.26
2016,9,12,92.75,24.17
2016,9,13,90.81,24.4
2016,9,14,95.56,23.4
2016,9,15,91.94,24.3
2016,9,16,90.81,24.74
2016,9,17,91.19,24.51
2016,9,18,92.25,24.27
2016,9,19,94.06,24.14
2016,9,20,94,24.06
2016,9,21,91.5,24.63
2016,9,22,92.81,24.66
2016,9,23,92.38,24.37
2016,9,24,94.25,24.13
2016,9,25,92.69,24.43
2016,9,26,92.25,24.33
2016,9,27,92.06,24.38
2016,9,28,90.25,25.23
2016,9,29,88.94,25.77
2016,9,30,91.5,25.26
2016,10,1,95.31,24.05
2016,10,2,91.81,24.47
2016,10,3,90.62,25.2
2016,10,4,93,25.08
2016,10,5,91.44,25.29
2016,10,6,91.62,25.21
2016,10,7,93,25.21
2016,10,8,93.81,25
2016,10,9,92.56,24.86
2016,10,10,91.81,25.18
2016,10,11,94.12,24.68
2016,10,12,90.88,25.4
2016,10,13,94.25,25.2
2016,10,14,92.94,25.16
2016,10,15,89.81,25.44
2016,10,16,91.56,25.28
2016,10,17,91.06,25.38
2016,10,18,90.94,25.51
2016,10,19,91.62,25.06
2016,10,20,91.5,25.18
2016,10,21,95.25,24.88
2016,10,22,92.69,25.18
2016,10,23,92.44,25.01
2016,10,24,85.31,26.37
2016,10,25,89.81,25.95
2016,10,26,88.25,26.3
2016,10,27,86.06,26.54
2016,10,28,87.25,26.29
2016,10,29,87.44,26.12
2016,10,30,93.88,24.73
2016,10,31,89.62,25.26
2016,11,1,94.38,24.6
2016,11,2,91.25,25.19
2016,11,3,88.94,25.64
2016,11,4,84.62,25.91
2016,11,5,80.75,26.1
2016,11,6,81.88,25.4
2016,11,7,88.5,25.64
2016,11,8,86.19,26.05
2016,11,9,80,25.58
2016,11,10,82.31,25.3
2016,11,11,87.56,25.82
2016,11,12,87.56,25.67
2016,11,13,85.06,25.9
2016,11,14,82.31,25.98
2016,11,15,81.44,26.27
2016,11,16,79.38,26.64
2016,11,17,89.12,25.87
2016,11,18,88.31,26.34
2016,11,19,90.56,25.66
2016,11,20,88.19,26.28
2016,11,21,92.31,25.12
2016,11,22,85.88,26.07
2016,11,23,89.62,26.01
2016,11,24,87.81,26.66
2016,11,25,86.19,27.08
2016,11,26,90.31,26.28
2016,11,27,90.81,25.97
2016,11,28,88.88,26.3
2016,11,29,88.69,26.11
2016,11,30,87.81,26.44
2016,12,1,90.19,26.19
2016,12,2,88.5,25.87
2016,12,3,84.81,25.79
2016,12,4,84.06,25.23
2016,12,5,86.62,25.28
2016,12,6,86.19,24.35
2016,12,7,87,25.5
2016,12,8,90.56,25.43
2016,12,9,92.81,25.21
2016,12,10,91.56,24.3
2016,12,11,83.94,25.01
2016,12,12,86.12,25.45
2016,12,13,89.25,25.39
2016,12,14,90.38,25.52
2016,12,15,89.56,25.55
2016,12,16,83.38,26.31
2016,12,17,85.38,26.16
2016,12,18,82.19,26.12
2016,12,19,84.88,25.56
2016,12,20,76.5,26.26
2016,12,21,70.56,24.23
2016,12,22,82.12,24.72
2016,12,23,76.69,24.79
2016,12,24,83.06,25.58
2016,12,25,75.31,25.08
2016,12,26,71.62,21.94
2016,12,27,72.62,21.44
2016,12,28,68.56,22.58
2016,12,29,68.75,22.4
2016,12,30,61.69,23.42
2016,12,31,65.81,23.27
2017,1,1,63.62,23.75
2017,1,2,62.25,24.05
2017,1,3,62.44,23.64
2017,1,4,69.62,23.17
2017,1,5,72.69,24.33
2017,1,6,75,23.82
2017,1,7,83.19,24.79
2017,1,8,78.25,25.37
2017,1,9,66.38,22.98
2017,1,10,78.69,23.66
2017,1,11,86.94,24.85
2017,1,12,86.81,25.12
2017,1,13,91.44,24.71
2017,1,14,68.12,23.19
2017,1,15,68.19,24.62
2017,1,16,77.62,25.14
2017,1,17,83.56,26.02
2017,1,18,88.5,25.5
2017,1,19,87.69,25.65
2017,1,20,90.81,25.39
2017,1,21,85.75,26.3
2017,1,22,88.75,25.94
2017,1,23,92.06,25.29
2017,1,24,87.94,25.17
2017,1,25,85.88,25.46
2017,1,26,85.19,25.77
2017,1,27,84.81,25.94
2017,1,28,86.19,26.07
2017,1,29,87.75,25.82
2017,1,30,86.19,26.19
2017,1,31,86.75,26.11
2017,2,1,89.88,25.44
2017,2,2,91.56,25.09
2017,2,3,84.88,26.28
2017,2,4,85.62,26.2
2017,2,5,83,26.48
2017,2,6,87.94,25.87
2017,2,7,89.69,25.66
2017,2,8,91.38,25.58
2017,2,9,87.56,25.98
2017,2,10,87.06,26.14
2017,2,11,88,26.01
2017,2,12,84.25,26.48
2017,2,13,77,26.56
2017,2,14,80.44,25.48
2017,2,15,87.5,25.55
2017,2,16,85.31,25.58
2017,2,17,58.69,24.19
2017,2,18,60.44,22.74
2017,2,19,61.94,22.69
2017,2,20,66.06,23.25
2017,2,21,74.12,24.82
2017,2,22,82.44,25.75
2017,2,23,85.38,26.31
2017,2,24,83.5,26.79
2017,2,25,87.25,26.34
2017,2,26,90.25,25.78
2017,2,27,89.12,26
2017,2,28,89.62,26.01
2017,3,1,89.5,26.21
2017,3,2,88.88,26.37
2017,3,3,91.62,26.02
2017,3,4,90.44,26.15
2017,3,5,90.94,26.14
2017,3,6,90.38,26.3
2017,3,7,88.31,26.3
2017,3,8,91.19,25.86
2017,3,9,93.75,25.52
2017,3,10,89.44,26.05
2017,3,11,89.56,25.92
2017,3,12,86.5,25.9
2017,3,13,88.88,25.8
2017,3,14,90.44,25.68
2017,3,15,90.81,25.77
2017,3,16,83.44,26.65
2017,3,17,85.56,26.9
2017,3,18,86.62,26.91
2017,3,19,89.06,26.44
2017,3,20,89.19,26.66
2017,3,21,90.38,26.4
2017,3,22,91.25,26.11
2017,3,23,88.94,25.91
2017,3,24,88.81,25.62
2017,3,25,89.38,26.14
2017,3,26,87.81,26.69
2017,3,27,87.94,26.82
2017,3,28,89.56,26.55
2017,3,29,90.88,26.29
2017,3,30,90.25,26.27
2017,3,31,90.62,25.78
2017,4,1,88.69,26.17
2017,4,2,89.69,26.1
2017,4,3,93.56,25.37
2017,4,4,92.12,25.73
2017,4,5,94.12,25.83
2017,4,6,92.88,25.82
2017,4,7,90.5,25.6
2017,4,8,90.94,26.07
2017,4,9,94.25,25.66
2017,4,10,91.19,25.94
2017,4,11,91.75,25.89
2017,4,12,95.19,25.75
2017,4,13,95.62,25.33
2017,4,14,92.12,25.87
2017,4,15,90.75,26.03
2017,4,16,85.81,25.09
2017,4,17,87.31,26.18
2017,4,18,93.38,25.9
2017,4,19,92.44,26.1
2017,4,20,91.69,26.43
2017,4,21,91.19,26.23
2017,4,22,89.62,26.33
2017,4,23,89.81,26.08
2017,4,24,90,26.33
2017,4,25,92.31,25.76
2017,4,26,88.06,26.24
2017,4,27,88.81,26.39
2017,4,28,89.81,26.03
2017,4,29,89.94,26.25
2017,4,30,89.75,26.37
2017,5,1,93.31,25.78
2017,5,2,94.12,25.4
2017,5,3,91,25.9
2017,5,4,86.62,26.27
2017,5,5,91.69,25.4
2017,5,6,90.25,26.27
2017,5,7,92.19,26.06
2017,5,8,92.31,26
2017,5,9,90.69,25.86
2017,5,10,88.75,26.44
2017,5,11,93,25.67
2017,5,12,93.06,25.34
2017,5,13,93.75,25.65
2017,5,14,93.25,25.98
2017,5,15,95,25.48
2017,5,16,94,24.48
2017,5,17,87.38,25.68
2017,5,18,89.25,26.03
2017,5,19,93.44,25.79
2017,5,20,93.81,26.1
2017,5,21,92.31,26.25
2017,5,22,93.38,25.69
2017,5,23,94.25,25.88
2017,5,24,92.25,25.82
2017,5,25,95.25,24.45
2017,5,26,88.06,25.11
2017,5,27,89.19,25.37
2017,5,28,90.31,26.18
2017,5,29,92.69,25.94
2017,5,30,94.06,25.72
2017,5,31,94.31,25.33
2017,6,1,89.19,25.77
2017,6,2,93.62,25.37
2017,6,3,91.75,25.15
2017,6,4,91.44,25.63
2017,6,5,93.5,25.38
2017,6,6,92.06,25.45
2017,6,7,88.06,26.22
2017,6,8,92.12,26.05
2017,6,9,93.06,26.3
2017,6,10,94.75,25.81
2017,6,11,92.5,26.19
2017,6,12,94.25,25.33
2017,6,13,93.75,24.37
2017,6,14,90.12,24.95
2017,6,15,90.19,25.51
2017,6,16,94.25,24.75
2017,6,17,93.5,24.26
2017,6,18,89.38,24.99
2017,6,19,92.06,24.83
2017,6,20,92.5,23.76
2017,6,21,85,25.3
2017,6,22,89.94,25.51
2017,6,23,93.81,24.74
2017,6,24,91.88,24.75
2017,6,25,90.88,24.75
2017,6,26,92.94,24.52
2017,6,27,92.94,24.5
2017,6,28,93.94,24.01
2017,6,29,91.06,24.55
2017,6,30,90.88,24.72
2017,7,1,97.44,23.79
2017,7,2,91.81,24.57
2017,7,3,94.5,24.34
2017,7,4,91.62,24.51
2017,7,5,93.38,23.4
2017,7,6,91.88,23.84
2017,7,7,91.5,24.12
2017,7,8,91.31,24.57
2017,7,9,94.69,23.61
2017,7,10,89.06,23.62
2017,7,11,87.06,23.8
2017,7,12,87.94,24.33
2017,7,13,88.75,24.84
2017,7,14,92.06,24.12
2017,7,15,91.44,24.25
2017,7,16,91.81,24.44
2017,7,17,92,24.69
2017,7,18,94.38,24.06
2017,7,19,90.81,24.75
2017,7,20,89.62,25.43
2017,7,21,94.06,24.75
2017,7,22,95.38,24.05
2017,7,23,95.25,23.76
2017,7,24,91.62,24.37
2017,7,25,92.12,24.18
2017,7,26,92.12,24.25
2017,7,27,89.44,25.1
2017,7,28,93.62,24.39
2017,7,29,91.94,24.74
2017,7,30,92.19,24.44
2017,7,31,91.12,24.39
2017,8,1,94.88,23.74
2017,8,2,94.06,23.55
2017,8,3,91,24.3
2017,8,4,94.81,23.54
2017,8,5,93.38,23.91
2017,8,6,92.12,24.07
2017,8,7,94.56,23.23
2017,8,8,92,23.8
2017,8,9,91.75,24.05
2017,8,10,90.31,24.58
2017,8,11,90.44,24.77
2017,8,12,93,24.19
2017,8,13,92.56,24.47
2017,8,14,93.75,23.84
2017,8,15,92,24.15
2017,8,16,92.38,24.37
2017,8,17,91.88,24.01
2017,8,18,90.5,23.76
2017,8,19,87.94,24.42
2017,8,20,89.12,24.19
2017,8,21,91,23.48
2017,8,22,90.31,23.81
2017,8,23,88.25,24.48
2017,8,24,89.56,24.69
2017,8,25,92.81,24.35
2017,8,26,93.06,23.63
2017,8,27,91.44,24.41
2017,8,28,92.19,24.4
2017,8,29,94.06,23.91
2017,8,30,93.31,23.79
2017,8,31,92.12,23.9
2017,9,1,91.94,23.99
2017,9,2,91.88,24.23
2017,9,3,92.88,23.76
2017,9,4,90.38,24.58
2017,9,5,89,24.87
2017,9,6,91.44,24.73
2017,9,7,93.94,23.65
2017,9,8,90.69,24.29
2017,9,9,88.75,25.36
2017,9,10,89.81,25.37
2017,9,11,95,23.98
2017,9,12,92.12,24.17
2017,9,13,92.75,24.05
2017,9,14,90.62,24.61
2017,9,15,92.31,24.6
2017,9,16,94,23.93
2017,9,17,89.75,24.53
2017,9,18,89.44,25.15
2017,9,19,91.19,25.25
2017,9,20,92.75,24.82
2017,9,21,93.19,24.58
2017,9,22,91.75,24.29
2017,9,23,90,24.76
2017,9,24,94.75,24.4
2017,9,25,92.75,24.82
2017,9,26,92.94,24.55
2017,9,27,91.62,24.86
2017,9,28,93.31,24.7
2017,9,29,93.88,24.17
2017,9,30,91.31,24.69
2017,10,1,91.19,25.14
2017,10,2,89.62,25.69
2017,10,3,92.12,25.51
2017,10,4,91.88,25.39
2017,10,5,93.94,24.27
2017,10,6,91,25.12
2017,10,7,93,25.06
2017,10,8,94.06,24.62
2017,10,9,90.19,25.11
2017,10,10,92.06,25.26
2017,10,11,92.31,24.9
2017,10,12,92,24.68
2017,10,13,91.81,24.85
2017,10,14,90.12,25.44
2017,10,15,89.31,25.78
2017,10,16,90.75,25.56
2017,10,17,90.81,25.42
2017,10,18,94.06,24.66
2017,10,19,91.88,25.24
2017,10,20,89.62,26.05
2017,10,21,92.25,25.44
2017,10,22,91,25.69
2017,10,23,89.38,25.87
2017,10,24,88.12,26.42
2017,10,25,90.19,26.18
2017,10,26,93.31,25.51
2017,10,27,94.19,25.34
2017,10,28,93.44,24.87
2017,10,29,84.75,25.37
2017,10,30,86.94,25.58
2017,10,31,87.81,26.02
2017,11,1,93.44,24.75
2017,11,2,93.56,24.23
2017,11,3,91.81,25.24
2017,11,4,92.44,25.15
2017,11,5,90.81,25.33
2017,11,6,91.06,25.38
2017,11,7,89.81,25.36
2017,11,8,85.69,26.05
2017,11,9,86.94,26.27
2017,11,10,87,25.9
2017,11,11,88,25.98
2017,11,12,87.88,25.6
2017,11,13,87.56,25.72
2017,11,14,87.88,25.93
2017,11,15,90.38,26.08
2017,11,16,90.38,25.75
2017,11,17,90.19,25.58
2017,11,18,89.94,25.63
2017,11,19,94.88,24.53
2017,11,20,92.38,24.54
2017,11,21,88.5,25.13
2017,11,22,90.12,25.73
2017,11,23,94.5,25.19
2017,11,24,89.69,25.46
2017,11,25,84.31,25.73
2017,11,26,78.25,25.33
2017,11,27,71.94,24.15
2017,11,28,80.69,24.26
2017,11,29,82.81,24.73
2017,11,30,80.38,25.32
2017,12,1,81.5,24.19
2017,12,2,83,25.41
2017,12,3,85.44,25.55
2017,12,4,82.69,25.98
2017,12,5,83,25.44
2017,12,6,85.25,25.63
2017,12,7,84.69,26.16
2017,12,8,86.88,25.7
2017,12,9,88.81,24.17
2017,12,10,81.31,24.55
2017,12,11,82.69,24.3
2017,12,12,80.06,25.57
2017,12,13,73.88,24.3
2017,12,14,80.56,24.78
2017,12,15,86.44,25.55
2017,12,16,79.06,25.48
2017,12,17,87.88,25.88
2017,12,18,89.75,25.98
2017,12,19,92.69,24.92
2017,12,20,91.31,25.05
2017,12,21,87.12,26.12
2017,12,22,85.31,26.05
2017,12,23,83.06,25.1
2017,12,24,83.5,25.4
2017,12,25,72.62,24.73
2017,12,26,74.25,23
2017,12,27,69.75,23.75
2017,12,28,73.25,23.06
2017,12,29,77.75,23.73
2017,12,30,80.31,24.6
2017,12,31,73.75,24.13
2018,1,1,68.38,22.33
2018,1,2,71.12,20.86
2018,1,3,68.38,20.36
2018,1,4,65.44,20.6
2018,1,5,58.25,20.77
2018,1,6,60.12,20.7
2018,1,7,59.25,22.64
2018,1,8,70.69,23.62
2018,1,9,73,22.97
2018,1,10,84.62,24.18
2018,1,11,84,25.05
2018,1,12,78.25,24.01
2018,1,13,80.75,23.58
2018,1,14,84.75,24.01
2018,1,15,72.5,24.36
2018,1,16,66.25,24.18
2018,1,17,76.38,23.38
2018,1,18,79.88,23.84
2018,1,19,78.88,25.2
2018,1,20,78.38,25.28
2018,1,21,85.19,25.12
2018,1,22,78.44,24.82
2018,1,23,75.69,24
2018,1,24,58.06,22.31
2018,1,25,60.56,22.45
2018,1,26,65.12,22.4
2018,1,27,64.56,23.16
2018,1,28,70.19,23.42
2018,1,29,71.94,24.47
2018,1,30,77.25,24.51
2018,1,31,57.12,23.19
2018,2,1,62.06,23.05
2018,2,2,80.5,24.33
2018,2,3,78.88,26.06
2018,2,4,84.44,25.83
2018,2,5,83.81,26.57
2018,2,6,85.69,26.94
2018,2,7,89.38,26.4
2018,2,8,89.19,26.62
2018,2,9,89.88,26.36
2018,2,10,89.81,26.26
2018,2,11,87.06,26.55
2018,2,12,89.06,25.73
2018,2,13,83.31,25.99
2018,2,14,78.38,26.98
2018,2,15,88.44,26.15
2018,2,16,84.31,27.05
2018,2,17,85.56,26.94
2018,2,18,88.12,26.34
2018,2,19,85.88,26.51
2018,2,20,91.5,25.34
2018,2,21,91.5,24.92
2018,2,22,92.81,25.01
2018,2,23,91.5,24.8
2018,2,24,87.12,24.99
2018,2,25,85,25.7
2018,2,26,92.25,25.08
2018,2,27,91.56,24.86
2018,2,28,89.31,25.6
2018,3,1,89.88,25.59
2018,3,2,87.12,26.13
2018,3,3,84.12,26.66
2018,3,4,84.62,26.33
2018,3,5,85.5,25.94
2018,3,6,85.88,26.1
2018,3,7,85.19,26.44
2018,3,8,87.81,26.18
2018,3,9,91.31,25.69
2018,3,10,90.38,25.8
2018,3,11,89.56,25.74
2018,3,12,88.19,26.07
2018,3,13,88.25,26.44
2018,3,14,88.5,26.41
2018,3,15,91.31,25.98
2018,3,16,91.94,25.96
2018,3,17,90.44,25.79
2018,3,18,91.12,25.36
2018,3,19,89.19,25.71
2018,3,20,90.19,25.82
2018,3,21,93.38,24.94
2018,3,22,87.81,25.91
2018,3,23,88.06,25.4
2018,3,24,85.44,25.96
2018,3,25,90.75,25.5
2018,3,26,88.25,26.33
2018,3,27,90,26.1
2018,3,28,89.25,26.5
2018,3,29,90.94,25.98
2018,3,30,89.56,25.88
2018,3,31,88.62,26.61
2018,4,1,92.69,25.56
2018,4,2,91.31,25.92
2018,4,3,88.69,26.62
2018,4,4,87.69,26.69
2018,4,5,91.56,25.52
2018,4,6,93.81,24.94
2018,4,7,89.06,25.82
2018,4,8,92.06,25.47
2018,4,9,89.19,25.55
2018,4,10,90.94,24.86
2018,4,11,85.69,26.21
2018,4,12,87.38,26.25
2018,4,13,87.56,26.34
2018,4,14,88.5,26.34
2018,4,15,91.94,25.3
2018,4,16,89.94,25.99
2018,4,17,88.62,26.38
2018,4,18,90.44,26.3
2018,4,19,92.88,25.95
2018,4,20,91.69,25.51
2018,4,21,90.25,25.53
2018,4,22,88.94,25.91
2018,4,23,91.88,25.94
2018,4,24,93.38,25.81
2018,4,25,93.69,25.35
2018,4,26,91.75,25.08
2018,4,27,89.56,25.63
2018,4,28,89.69,25.81
2018,4,29,90.12,25.83
2018,4,30,87.75,26.26
2018,5,1,89.38,26.28
2018,5,2,91.81,26.04
2018,5,3,91.38,26.04
2018,5,4,89.12,26.16
2018,5,5,90.25,25.96
2018,5,6,90.31,25.94
2018,5,7,91.31,25.62
2018,5,8,90.62,25.47
2018,5,9,93.62,24.94
2018,5,10,94.5,24.76
2018,5,11,94.25,24.42
2018,5,12,89,24.84
2018,5,13,90.31,24.76
2018,5,14,90.5,25.18
2018,5,15,91.94,25.43
2018,5,16,91.81,25.65
2018,5,17,95,24.9
2018,5,18,89.25,25.76
2018,5,19,88.31,25.93
2018,5,20,91,25.76
2018,5,21,92.88,25.48
2018,5,22,93.12,25.43
2018,5,23,92.06,25.55
2018,5,24,92.56,25.68
2018,5,25,95.62,25.19
2018,5,26,92.75,24.52
2018,5,27,91.94,24.84
2018,5,28,91.06,25.32
2018,5,29,92.25,25.35
2018,5,30,91.94,24.85
2018,5,31,90.25,25.69
2018,6,1,90.94,25.86
2018,6,2,95.62,24.91
2018,6,3,93.44,24.51
2018,6,4,94.81,24.69
2018,6,5,91.5,25.37
2018,6,6,92.44,25.18
2018,6,7,90.69,25.51
2018,6,8,94.25,24.8
2018,6,9,95.62,24.74
2018,6,10,92.88,24.16
2018,6,11,87,24.94
2018,6,12,91.62,25.45
2018,6,13,92.81,25.58
2018,6,14,92.12,25.55
2018,6,15,92.19,25.26
2018,6,16,94.75,24.51
2018,6,17,95.31,24.33
2018,6,18,95.38,24.19
2018,6,19,93.19,23.8
2018,6,20,96,23.6
2018,6,21,95.44,23.21
2018,6,22,91.12,24.32
2018,6,23,95.62,23.4
2018,6,24,91.88,23.73
2018,6,25,89,24.44
2018,6,26,92.12,24.29
2018,6,27,90.44,24.83
2018,6,28,93,23.87
2018,6,29,91.88,23.73
2018,6,30,93.06,23.99
2018,7,1,92.31,23.73
2018,7,2,90.25,24.36
2018,7,3,95.81,23.7
2018,7,4,91.62,24.46
2018,7,5,94.25,24.01
2018,7,6,93.12,24.22
2018,7,7,94.38,23.97
2018,7,8,90.19,24.87
2018,7,9,92.69,24.3
2018,7,10,89.56,24.89
2018,7,11,89.62,24.87
2018,7,12,92.56,24.52
2018,7,13,92.31,24.21
2018,7,14,91,24.4
2018,7,15,91.69,24.49
2018,7,16,91.12,24.73
2018,7,17,93.75,24.04
2018,7,18,93.75,23.98
2018,7,19,92,24.54
2018,7,20,95.12,23.83
2018,7,21,95.5,23.36
2018,7,22,90.12,24.58
2018,7,23,90.38,25.4
2018,7,24,92.25,25.1
2018,7,25,94.5,24.12
2018,7,26,91,24.42
2018,7,27,88.94,24.78
2018,7,28,92.19,24.69
2018,7,29,94.69,23.46
2018,7,30,91.81,23.47
2018,7,31,90.31,23.5
2018,8,1,91,23.93
2018,8,2,91,23.86
2018,8,3,90.5,23.87
2018,8,4,88.75,24.01
2018,8,5,91.56,23.47
2018,8,6,91.06,23.46
2018,8,7,90.62,23.92
2018,8,8,88.88,24.57
2018,8,9,93,24.08
2018,8,10,91.94,23.83
2018,8,11,90.69,24.55
2018,8,12,91.38,24.5
2018,8,13,92.88,23.77
2018,8,14,92.44,23.69
2018,8,15,89.25,24.6
2018,8,16,92.81,24.08
2018,8,17,95.19,23.4
2018,8,18,91.56,24.3
2018,8,19,93.88,23.9
2018,8,20,94.62,23.71
2018,8,21,96,23.24
2018,8,22,95.69,23.33
2018,8,23,92.88,23.78
2018,8,24,96.81,23.05
2018,8,25,93.56,23.44
2018,8,26,88.5,24.66
2018,8,27,90.25,24.69
2018,8,28,89.44,25.18
2018,8,29,93.62,24.39
2018,8,30,91.62,24.56
2018,8,31,92.75,24.4
2018,9,1,93.81,24.05
2018,9,2,91.94,24.44
2018,9,3,93.19,24.19
2018,9,4,92.5,24.62
2018,9,5,94.25,24.26
2018,9,6,96.88,23.72
2018,9,7,95.75,23.42
2018,9,8,93.06,23.97
2018,9,9,92.5,24.37
2018,9,10,94.69,23.52
2018,9,11,92.25,24.37
2018,9,12,90.19,24.99
2018,9,13,94.5,24.05
2018,9,14,90.94,24.39
2018,9,15,92.5,24.14
2018,9,16,90.56,24.73
2018,9,17,91.81,25.11
2018,9,18,92.19,24.94
2018,9,19,89.94,25.14
2018,9,20,89.44,25.8
2018,9,21,89.75,25.95
2018,9,22,93.69,24.82
2018,9,23,94.75,24.15
2018,9,24,90.81,24.98
2018,9,25,94.75,24.39
2018,9,26,90.12,24.89
2018,9,27,89.69,25.23
2018,9,28,94.56,24.41
2018,9,29,91,24.55
2018,9,30,91.5,24.86
2018,10,1,93.12,24.58
2018,10,2,91.25,24.56
2018,10,3,91,24.94
2018,10,4,91.31,25.26
2018,10,5,93,24.91
2018,10,6,95.25,24.19
2018,10,7,90.56,25.26
2018,10,8,93.88,24.87
2018,10,9,93,24.56
2018,10,10,90.12,25.26
2018,10,11,91.88,25.16
2018,10,12,91.69,24.86
2018,10,13,89.19,24.78
2018,10,14,91.06,25.05
2018,10,15,90.5,25.22
2018,10,16,93.56,24.38
2018,10,17,89.5,24.81
2018,10,18,92.38,24.61
2018,10,19,87.12,25.83
2018,10,20,84.62,26.76
2018,10,21,91.44,25.47
2018,10,22,94.44,25.02
2018,10,23,92.94,25.78
2018,10,24,94.81,24.57
2018,10,25,91,25.23
2018,10,26,92.19,25.05
2018,10,27,92.25,25.17
2018,10,28,90.38,26.07
2018,10,29,94.44,25.36
2018,10,30,92.19,25.52
2018,10,31,91.12,25.87
2018,11,1,95.06,25.4
2018,11,2,94.19,25.08
2018,11,3,91.06,25.31
2018,11,4,91.62,25.19
2018,11,5,94.5,24.63
2018,11,6,95.12,24.58
2018,11,7,91.44,25.06
2018,11,8,87,26.22
2018,11,9,91.12,25.75
2018,11,10,85.81,26.59
2018,11,11,86.06,26.55
2018,11,12,81.88,26.65
2018,11,13,82.38,26.26
2018,11,14,88.12,26.35
2018,11,15,86.38,26.45
2018,11,16,86.31,25.69
2018,11,17,93.88,24.94
2018,11,18,93.31,24.98
2018,11,19,94.62,24.4
2018,11,20,90.25,25.08
2018,11,21,91,25.72
2018,11,22,86.88,26.38
2018,11,23,84.44,26.86
2018,11,24,79.44,26.01
2018,11,25,80.31,25.17
2018,11,26,86.94,26.14
2018,11,27,87.38,26.26
2018,11,28,82.31,26.29
2018,11,29,79.12,25.63
2018,11,30,86,25.87
2018,12,1,89.56,25.44
2018,12,2,90.81,25
2018,12,3,78.69,25.86
2018,12,4,81.81,25.47
2018,12,5,71.62,25.03
2018,12,6,69.5,24.24
2018,12,7,78.62,23.5
2018,12,8,86.75,25.27
2018,12,9,76,25.75
2018,12,10,81.88,24.58
2018,12,11,82.88,25.4
2018,12,12,73.94,25.6
2018,12,13,71.56,25.36
2018,12,14,72.19,24.27
2018,12,15,80.06,24.88
2018,12,16,85.62,25.4
2018,12,17,81.69,26.28
2018,12,18,74.75,24.83
2018,12,19,75.75,24.47
2018,12,20,70.38,23.38
2018,12,21,66.44,23.12
2018,12,22,69.06,22.71
2018,12,23,66.88,23.48
2018,12,24,67.25,23.26
2018,12,25,69.75,22.73
2018,12,26,69.88,23.2
2018,12,27,72.19,22.54
2018,12,28,66.38,23.98
2018,12,29,68.44,24.26
2018,12,30,67.94,23.38
2018,12,31,70.12,24.3
2019,1,1,71.31,23.51
2019,1,2,71.81,23.14
2019,1,3,65.5,23.35
2019,1,4,74.75,22.48
2019,1,5,74.62,23.35
2019,1,6,78.56,23.69
2019,1,7,77.94,24
2019,1,8,70.44,23.18
2019,1,9,68.94,22.43
2019,1,10,73,23.38
2019,1,11,78.88,24.64
2019,1,12,75.94,24.22
2019,1,13,90.88,24.77
2019,1,14,89.12,25.54
2019,1,15,87.56,26.01
2019,1,16,87.12,25.8
2019,1,17,80.88,25.98
2019,1,18,91,25.05
2019,1,19,87.44,25.8
2019,1,20,89.06,26.08
2019,1,21,85.19,26.2
2019,1,22,84.25,26.08
2019,1,23,87.12,26.23
2019,1,24,89.25,25.51
2019,1,25,83.12,26.01
2019,1,26,83.12,26.51
2019,1,27,86.31,26.35
2019,1,28,90.94,25.71
2019,1,29,92.06,25.53
2019,1,30,83.44,26.1
2019,1,31,85.12,26.31
2019,2,1,89.5,25.8
2019,2,2,93.19,24.76
2019,2,3,83.25,25.53
2019,2,4,89.25,25.57
2019,2,5,91.06,25.77
2019,2,6,87.75,26.16
2019,2,7,81.75,25.96
2019,2,8,73.38,25.55
2019,2,9,75.06,25.49
2019,2,10,70.19,24.71
2019,2,11,60.56,25.37
2019,2,12,66.88,24.1
2019,2,13,69.06,25.5
2019,2,14,84.94,25.27
2019,2,15,81.31,26.2
2019,2,16,73.38,24.18
2019,2,17,68.31,23.49
2019,2,18,81.88,24.87
2019,2,19,84,26.12
2019,2,20,90.56,25.54
2019,2,21,94.06,25.3
2019,2,22,93.69,25.71
2019,2,23,92.25,26.03
2019,2,24,92.38,25.53
2019,2,25,90.62,25.26
2019,2,26,86.62,25.58
2019,2,27,86.75,25.48
2019,2,28,90.56,24.71
2019,3,1,88.19,24.38
2019,3,2,86.94,25.53
2019,3,3,86.44,25.08
2019,3,4,89.56,25.76
2019,3,5,89.5,26.12
2019,3,6,92.69,25.7
2019,3,7,88.88,25.76
2019,3,8,89.12,25.79
2019,3,9,89.31,25.8
2019,3,10,91.69,25.61
2019,3,11,89.94,26.13
2019,3,12,91.5,25.87
2019,3,13,87.38,26.25
2019,3,14,90.25,25.9
2019,3,15,86,27.17
2019,3,16,88.12,26.85
2019,3,17,88.69,26.82
2019,3,18,85,26.95
2019,3,19,89.94,26.7
2019,3,20,90.06,26.38
2019,3,21,91.69,26.13
2019,3,22,90.31,25.98
2019,3,23,91.12,25.92
2019,3,24,91.75,25.72
2019,3,25,89.88,25.47
2019,3,26,89.88,26.05
2019,3,27,90.75,26.3
2019,3,28,90.25,26.6
2019,3,29,88.44,26.98
2019,3,30,93.5,26.15
2019,3,31,90.44,26.34
2019,4,1,88.38,26.54
2019,4,2,89.44,26.69
2019,4,3,89.69,26.94
2019,4,4,87.81,27.36
2019,4,5,88.75,27.09
2019,4,6,89.94,26.9
2019,4,7,91.5,26.32
2019,4,8,89.56,26.26
2019,4,9,91.81,25.44
2019,4,10,91.69,25.92
2019,4,11,93.31,25.48
2019,4,12,89.44,26.3
2019,4,13,92.94,25.3
2019,4,14,90.75,24.9
2019,4,15,88.38,26.12
2019,4,16,89.88,26.18
2019,4,17,90.75,26.13
2019,4,18,88.25,26.66
2019,4,19,90.38,26.31
2019,4,20,90.75,26.31
2019,4,21,93.5,25.82
2019,4,22,93,25.86
2019,4,23,92.88,25.83
2019,4,24,88.62,26.69
2019,4,25,92.19,26.37
2019,4,26,91.56,26.48
2019,4,27,89.56,27.01
2019,4,28,90.25,27.05
2019,4,29,92.88,26.72
2019,4,30,91,26.55
2019,5,1,94.19,25.94
2019,5,2,92.25,26.06
2019,5,3,92.69,25.91
2019,5,4,92.44,25.76
2019,5,5,92.19,25.9
2019,5,6,94.06,25.65
2019,5,7,93.69,26.11
2019,5,8,93.69,25.73
2019,5,9,91.62,25.8
2019,5,10,91.62,25.81
2019,5,11,88.81,26.18
2019,5,12,89.12,26.62
2019,5,13,89,25.78
2019,5,14,90.75,25.67
2019,5,15,95.5,24.82
2019,5,16,95.62,24.07
2019,5,17,89.12,25.34
2019,5,18,90.44,25.9
2019,5,19,90.62,26.1
2019,5,20,93.44,25.69
2019,5,21,92.81,25.46
2019,5,22,89.25,26.06
2019,5,23,91.88,25.83
2019,5,24,93.44,25.73
2019,5,25,89.81,25.92
2019,5,26,93.31,25.48
2019,5,27,90.12,25.73
2019,5,28,92.44,25.44
2019,5,29,96,25
2019,5,30,94,25.11
2019,5,31,91.19,25.48
2019,6,1,92.06,25.07
2019,6,2,93.12,24.59
2019,6,3,89.75,25.55
2019,6,4,94.12,25.54
2019,6,5,96.06,24.96
2019,6,6,95.12,24.36
2019,6,7,91.94,24.9
2019,6,8,92.06,24.98
2019,6,9,93.69,24.69
2019,6,10,90.06,25.17
2019,6,11,88.31,25.52
2019,6,12,92.44,24.4
2019,6,13,92.06,25.17
2019,6,14,92.12,25.38
2019,6,15,90.69,25.51
2019,6,16,89.5,25.8
2019,6,17,90.31,25.78
2019,6,18,89.06,26.01
2019,6,19,90.75,25.91
2019,6,20,93.38,25.29
2019,6,21,93.56,25.04
2019,6,22,92.62,25.28
2019,6,23,93.25,24.8
2019,6,24,92.25,23.93
2019,6,25,93.31,23.98
2019,6,26,91.81,24.78
2019,6,27,90.69,24.85
2019,6,28,92.62,24.48
2019,6,29,90.81,25.01
2019,6,30,89.38,25.65
2019,7,1,91.44,25.38
2019,7,2,89.69,25.55
2019,7,3,90.5,25.63
2019,7,4,94.31,24.72
2019,7,5,94.31,24.15
2019,7,6,89.12,25.69
2019,7,7,93.06,25.08
2019,7,8,94.94,23.67
2019,7,9,91.62,24.01
2019,7,10,90.12,24.73
2019,7,11,94.5,23.9
2019,7,12,92.94,23.2
2019,7,13,88.88,24.37
2019,7,14,88.5,25.27
2019,7,15,94.94,24.12
2019,7,16,91.06,24.48
2019,7,17,89.75,25.28
2019,7,18,92.81,24.4
2019,7,19,92.62,23.83
2019,7,20,90.69,24.26
2019,7,21,88.12,24.69
2019,7,22,93.44,24.07
2019,7,23,90.94,24.59
2019,7,24,90.12,24.95
2019,7,25,93.19,24.9
2019,7,26,97.06,23.87
2019,7,27,92.75,24.37
2019,7,28,95.25,23.81
2019,7,29,93.44,23.79
2019,7,30,92.06,24.23
2019,7,31,89.94,24.83
2019,8,1,90.88,24.61
2019,8,2,95.62,23.25
2019,8,3,94,23.52
2019,8,4,91.5,24.29
2019,8,5,93.44,23.69
2019,8,6,93.06,23.86
2019,8,7,90.12,24.5
2019,8,8,94.38,23.8
2019,8,9,94.38,23.86
2019,8,10,91.56,24.4
2019,8,11,90.06,24.73
2019,8,12,91.62,24.37
2019,8,13,91.56,24.46
2019,8,14,90.25,24.64
2019,8,15,89.81,24.64
2019,8,16,90.44,24.55
2019,8,17,90.56,24.49
2019,8,18,90.5,24.69
2019,8,19,94.69,23.31
2019,8,20,91.25,24.64
2019,8,21,92.88,24.32
2019,8,22,94.19,23.98
2019,8,23,94.62,23.21
2019,8,24,92,23.99
2019,8,25,90.44,24.3
2019,8,26,92.38,24.11
2019,8,27,91.5,24.47
2019,8,28,93.38,23.66
2019,8,29,88.31,24.58
2019,8,30,91.44,24.72
2019,8,31,93.31,24.65
2019,9,1,93.44,24
2019,9,2,93.06,24.41
2019,9,3,89.69,25.22
2019,9,4,95.88,24.18
2019,9,5,92.81,24.72
2019,9,6,94.25,24.26
2019,9,7,93.5,24.23
2019,9,8,93.12,24.14
2019,9,9,91.44,24.49
2019,9,10,90.25,24.81
2019,9,11,94.06,24.3
2019,9,12,91.94,24.57
2019,9,13,93.5,24.36
2019,9,14,93.19,24.66
2019,9,15,94.5,24.47
2019,9,16,93.44,24.73
2019,9,17,95.75,24.38
2019,9,18,93.06,24.65
2019,9,19,94.88,24.03
2019,9,20,90.19,24.87
2019,9,21,91.5,25.17
2019,9,22,94.56,24.73
2019,9,23,91.75,25.23
2019,9,24,94.69,24.68
2019,9,25,93.88,24.62
2019,9,26,92.69,24.69
2019,9,27,93.88,23.93
2019,9,28,92.5,24.12
2019,9,29,89.94,24.59
2019,9,30,94.69,24.15
2019,10,1,92.25,24.33
2019,10,2,91.69,23.75
2019,10,3,94.88,23.89
2019,10,4,94.56,24.08
2019,10,5,91.25,24.4
2019,10,6,88.94,24.99
2019,10,7,95.19,24.31
2019,10,8,97,23.58
2019,10,9,92.69,24.35
2019,10,10,92.25,24.8
2019,10,11,94.25,24.48
2019,10,12,94.25,24.08
2019,10,13,92.19,24.37
2019,10,14,91.88,25.19
2019,10,15,92.94,25.21
2019,10,16,94.19,24.05
2019,10,17,89.12,25.07
2019,10,18,94.88,24.23
2019,10,19,92.06,23.98
2019,10,20,89.88,24.11
2019,10,21,85.31,24.26
2019,10,22,89.5,25.32
2019,10,23,94.94,24.88
2019,10,24,92.75,24.82
2019,10,25,92.44,25.13
2019,10,26,93.69,24.62
2019,10,27,91.38,24.58
2019,10,28,88.94,24.73
2019,10,29,90.25,24.69
2019,10,30,92.62,24.71
2019,10,31,93.19,24.42
2019,11,1,89.69,25.48
2019,11,2,95.38,24.33
2019,11,3,90,25.04
2019,11,4,88.75,26.14
2019,11,5,88.94,26.05
2019,11,6,86.88,26.37
2019,11,7,89.12,26.1
2019,11,8,86.88,26.38
2019,11,9,85.25,26.6
2019,11,10,92.44,25.3
2019,11,11,89.62,26.04
2019,11,12,92.94,25.23
2019,11,13,90.31,25.43
2019,11,14,87.62,26.19
2019,11,15,89.75,26.11
2019,11,16,90.12,26.14
2019,11,17,90.44,25.96
2019,11,18,87.5,26.59
2019,11,19,88.75,26.46
2019,11,20,87.56,26.38
2019,11,21,91.38,25.5
2019,11,22,88.75,25.84
2019,11,23,91.94,25.49
2019,11,24,88.56,26.36
2019,11,25,89.44,26.13
2019,11,26,85.56,26.76
2019,11,27,88.56,26.03
2019,11,28,85.5,26.18
2019,11,29,78.69,26.62
2019,11,30,80.62,25.48
2019,12,1,87.12,25.86
2019,12,2,91.38,25.05
2019,12,3,87.62,25.98
2019,12,4,85.19,26.31
2019,12,5,87.12,26.02
2019,12,6,83.75,25.86
2019,12,7,80.75,24.97
2019,12,8,81.62,25.91
2019,12,9,84.94,25.94
2019,12,10,83.44,26.13
2019,12,11,83.19,25.72
2019,12,12,82.88,26
2019,12,13,73.69,24.98
2019,12,14,68.56,24.78
2019,12,15,73.5,24.88
2019,12,16,69.81,24.44
2019,12,17,66,25.17
2019,12,18,70.56,25.35
2019,12,19,77.5,25.4
2019,12,20,73.44,25.17
2019,12,21,73.12,24.98
2019,12,22,64.31,24.28
2019,12,23,65.38,23.18
2019,12,24,63.38,23.3
2019,12,25,67.88,23.72
2019,12,26,67,23.92
2019,12,27,67.38,23.55
2019,12,28,62.56,23.72
2019,12,29,64.62,23.48
2019,12,30,65.44,22.71
2019,12,31,65,23.21
2020,1,1,68.12,22.76
2020,1,2,72.12,21.58
2020,1,3,72.56,20.89
2020,1,4,74.38,21.13
2020,1,5,72.81,22.32
2020,1,6,69.19,24.24
2020,1,7,71,24.4
2020,1,8,69.75,24.44
2020,1,9,70.31,23.89
2020,1,10,76.75,24.09
2020,1,11,88.19,24.83
2020,1,12,81.5,26.01
2020,1,13,81.69,26.51
2020,1,14,78.81,26.08
2020,1,15,76.5,25.88
2020,1,16,71.19,25.08
2020,1,17,75.5,24.12
2020,1,18,77.56,23.8
2020,1,19,68.12,23.56
2020,1,20,63.62,23.94
2020,1,21,64.62,25.65
2020,1,22,67.75,25.02
2020,1,23,68.81,23.14
2020,1,24,63.12,20.61
2020,1,25,60.5,19.88
2020,1,26,56.75,21.19
2020,1,27,60.25,22.41
2020,1,28,61.94,23.84
2020,1,29,62.38,23.51
2020,1,30,64.44,23.46
2020,1,31,65.12,23.04
2020,2,1,55.25,23.17
2020,2,2,61.38,22.35
2020,2,3,68,23.38
2020,2,4,79.56,25.03
2020,2,5,79.25,25.52
2020,2,6,73.06,25.26
2020,2,7,65.25,24.28
2020,2,8,70.44,24.51
2020,2,9,81.88,25.22
2020,2,10,78.31,26.01
2020,2,11,61.75,24.35
2020,2,12,67.88,22.11
2020,2,13,59.44,23.8
2020,2,14,61.69,24.15
2020,2,15,68.69,24.31
2020,2,16,78.5,25.05
2020,2,17,86.44,26.08
2020,2,18,87.19,26.19
2020,2,19,88,26
2020,2,20,80.5,26.68
2020,2,21,78.25,26.29
2020,2,22,82.25,27.48
2020,2,23,81.31,27.68
2020,2,24,86.69,26.88
2020,2,25,83.5,26.35
2020,2,26,83.88,25.96
2020,2,27,79.12,26.37
2020,2,28,79.88,26.8
2020,2,29,86.88,26.58
2020,3,1,88,26.91
2020,3,2,88.38,26.99
2020,3,3,89.5,26.51
2020,3,4,89.75,26.18
2020,3,5,88.88,26.05
2020,3,6,89.69,25.81
2020,3,7,81.06,26.23
2020,3,8,84.25,26.89
2020,3,9,88.69,26.77
2020,3,10,90.62,26.42
2020,3,11,91.69,26.05
2020,3,12,91.12,26.23
2020,3,13,90.06,26.46
2020,3,14,87.06,26.56
2020,3,15,87.44,26.54
2020,3,16,88.69,26.93
2020,3,17,90.19,26.6
2020,3,18,88.88,26.99
2020,3,19,89.12,26.55
2020,3,20,88.75,26.61
2020,3,21,88.25,26.77
2020,3,22,91.38,26.12
2020,3,23,91.38,25.8
2020,3,24,91.56,24.72
2020,3,25,90.44,24.97
2020,3,26,86.81,25.96
2020,3,27,89.38,26.18
2020,3,28,89.88,26.58
2020,3,29,93.12,25.93
2020,3,30,91.44,26
2020,3,31,92.19,25.94
2020,4,1,92.19,25.87
2020,4,2,90.62,26.31
2020,4,3,93.81,25.58
2020,4,4,93.38,25.5
2020,4,5,87.5,26.71
2020,4,6,93.94,25.52
2020,4,7,86.38,26.22
2020,4,8,91.88,25.41
2020,4,9,90.56,25.35
2020,4,10,87.5,25.55
2020,4,11,85.12,25.12
2020,4,12,84.12,26.55
2020,4,13,85.56,27.17
2020,4,14,85.06,27.38
2020,4,15,85.69,27.64
2020,4,16,85.44,27.99
2020,4,17,86.25,27.7
2020,4,18,87.56,27.07
2020,4,19,90.44,25.78
2020,4,20,89.56,25.32
2020,4,21,88.06,26.28
2020,4,22,93.75,25.73
2020,4,23,91,26.1
2020,4,24,93.25,25.71
2020,4,25,90.75,26.05
2020,4,26,94.5,24.63
2020,4,27,91.5,25.32
2020,4,28,89.69,26.33
2020,4,29,93.06,25.82
2020,4,30,94.5,25.63
2020,5,1,91.5,25.96
2020,5,2,89.5,26.44
2020,5,3,93.25,25.82
2020,5,4,87.69,26.2
2020,5,5,87.69,26.8
2020,5,6,88.5,26.98
2020,5,7,90.06,26.82
2020,5,8,89.56,26.66
2020,5,9,89,26.81
2020,5,10,93.06,25.59
2020,5,11,91.19,24.93
2020,5,12,88.62,25.78
2020,5,13,88.62,26.17
2020,5,14,90.06,26.15
2020,5,15,91.88,25.82
2020,5,16,92.06,25.67
2020,5,17,92.06,25.87
2020,5,18,88.94,26.54
2020,5,19,93.25,25.44
2020,5,20,89,25.71
2020,5,21,92.75,25.33
2020,5,22,92.62,25.4
2020,5,23,91.38,25.66
2020,5,24,92.44,25.69
2020,5,25,94.5,25.2
2020,5,26,94.38,25.15
2020,5,27,90,25.98
2020,5,28,92.62,25.76
2020,5,29,91.44,25.8
2020,5,30,94.94,24.15
2020,5,31,92.5,24.78
2020,6,1,92.69,24.83
2020,6,2,91.19,25.29
2020,6,3,90.62,25.56
2020,6,4,94.19,25.09
2020,6,5,92.69,25.31
2020,6,6,92.94,25.27
2020,6,7,93.56,24.73
2020,6,8,93.62,24.81
2020,6,9,93.81,24.36
2020,6,10,93.06,24.49
2020,6,11,88.88,25.12
2020,6,12,93.62,23.94
2020,6,13,90.25,25.14
2020,6,14,92.62,25.17
2020,6,15,90.62,26.14
2020,6,16,93.75,25.63
2020,6,17,95.56,24.95
2020,6,18,93.56,24.32
2020,6,19,90.38,24.05
2020,6,20,91.56,24.08
2020,6,21,91.62,24.62
2020,6,22,92.5,24.44
2020,6,23,87.88,25.23
2020,6,24,89.62,25.42
2020,6,25,93.25,25.14
2020,6,26,93.88,24.94
2020,6,27,95.5,24.2
2020,6,28,93.44,24.02
2020,6,29,90.81,24.45
2020,6,30,93.88,23.38
2020,7,1,90.81,24.61
2020,7,2,90.81,25.13
2020,7,3,94.69,24.53
2020,7,4,95.31,23.97
2020,7,5,92.81,24.11
2020,7,6,93.94,24.18
2020,7,7,95.44,23.94
2020,7,8,95.06,23.65
2020,7,9,92.75,24.33
2020,7,10,92.69,24.11
2020,7,11,94.81,23.14
2020,7,12,90.44,24.38
2020,7,13,91.56,24.09
2020,7,14,92.12,24.05
2020,7,15,91.81,23.87
2020,7,16,91.69,23.57
2020,7,17,92.56,23.3
2020,7,18,94.62,23.14
2020,7,19,93.88,23.21
2020,7,20,93.75,23.66
2020,7,21,92.88,23.8
2020,7,22,93,23.58
2020,7,23,92.12,24.03
2020,7,24,91.81,24.11
2020,7,25,90.19,24.19
2020,7,26,90.19,24.25
2020,7,27,91.12,23.87
2020,7,28,92.12,23.58
2020,7,29,88.56,23.94
2020,7,30,90.38,23.73
2020,7,31,93.25,23.03
2020,8,1,89.19,23.9
2020,8,2,90.25,23.73
2020,8,3,92.06,23.4
2020,8,4,87.19,23.86
2020,8,5,87.38,23.4
2020,8,6,88.56,22.4
2020,8,7,90.12,22.03
2020,8,8,88.38,22.48
2020,8,9,87.19,22.93
2020,8,10,88.94,22.94
2020,8,11,87.88,23.09
2020,8,12,85.44,23.37
2020,8,13,86.12,24.2
2020,8,14,91.81,22.72
2020,8,15,88.31,23.88
2020,8,16,87.31,24.23
2020,8,17,89,24.65
2020,8,18,90.5,24.24
2020,8,19,89,24.53
2020,8,20,94.5,23.19
2020,8,21,91.94,23.9
2020,8,22,89.06,24.46
2020,8,23,89.44,24.02
2020,8,24,90.88,23.11
2020,8,25,87.62,23.83
2020,8,26,88.31,24.24
2020,8,27,90.5,23.96
2020,8,28,89.44,23.99
2020,8,29,92.06,23.26
2020,8,30,91.25,23.66
2020,8,31,88.94,24.55
2020,9,1,94.12,23.32
2020,9,2,90.62,24.23
2020,9,3,88.62,24.88
2020,9,4,94,23.9
2020,9,5,93.12,23.71
2020,9,6,92,23.69
2020,9,7,87.44,25.15
2020,9,8,92.88,24.51
2020,9,9,95.12,23.42
2020,9,10,89.88,24.26
2020,9,11,94.06,23.8
2020,9,12,91.62,24.55
2020,9,13,91.69,24.23
2020,9,14,92,24.2
2020,9,15,93.88,24.47
2020,9,16,93.5,24
2020,9,17,91.81,24.25
2020,9,18,87.56,25.15
2020,9,19,93.62,24.54
2020,9,20,93,23.56
2020,9,21,89.31,24.56
2020,9,22,93.56,24.23
2020,9,23,92.56,24.28
2020,9,24,91.62,24.35
2020,9,25,92.69,24.26
2020,9,26,93.69,23.94
2020,9,27,92.81,23.76
2020,9,28,91.06,24.55
2020,9,29,93.81,24.27
2020,9,30,94.81,23.75
2020,10,1,90.81,24.61
2020,10,2,90.5,24.86
2020,10,3,91.56,24.97
2020,10,4,90.94,25.14
2020,10,5,94.31,24.35
2020,10,6,93.38,24.05
2020,10,7,90.38,24.31
2020,10,8,92.88,23.67
2020,10,9,87.44,24.05
2020,10,10,90.25,24.87
2020,10,11,90.12,24.51
2020,10,12,87.25,25.15
2020,10,13,91.75,24.98
2020,10,14,93.56,24.31
2020,10,15,89.62,25.2
2020,10,16,90.38,24.95
2020,10,17,92,24.74
2020,10,18,89.56,25.52
2020,10,19,90.81,25.37
2020,10,20,90.81,25.36
2020,10,21,90.31,25.15
2020,10,22,89.19,25.86
2020,10,23,88.81,25.9
2020,10,24,91,25.57
2020,10,25,91.62,25.46
2020,10,26,90.19,25.69
2020,10,27,92.62,25.34
2020,10,28,86.44,26.12
2020,10,29,88.88,25.55
2020,10,30,85.56,26.06
2020,10,31,83.44,26.54
2020,11,1,85.44,26.03
2020,11,2,87.88,25.73
2020,11,3,87.19,25.49
2020,11,4,90.06,25.86
2020,11,5,89.38,25.72
2020,11,6,78.44,26.04
2020,11,7,89.25,25.09
2020,11,8,88.69,25.54
2020,11,9,91,25.41
2020,11,10,91.69,25.08
2020,11,11,87.62,25.25
2020,11,12,82.88,24.88
2020,11,13,82.5,24.3
2020,11,14,83.69,23.9
2020,11,15,86.88,25.12
2020,11,16,83.56,25.26
2020,11,17,82.69,25.82
2020,11,18,77.88,25.55
2020,11,19,83.69,24.58
2020,11,20,85,25.51
2020,11,21,84.12,25.73
2020,11,22,87.31,25.78
2020,11,23,85.81,26.34
2020,11,24,86.88,26.3
2020,11,25,84.62,26.52
2020,11,26,88.19,26.16
2020,11,27,89.81,25.88
2020,11,28,87.06,25.93
2020,11,29,83,25.69
2020,11,30,79,25.69
2020,12,1,80.56,25.51
2020,12,2,82,25.88
2020,12,3,85.12,25.66
2020,12,4,86.25,26.08
2020,12,5,85.19,25.99
2020,12,6,84.12,26.34
2020,12,7,92.19,24.49
2020,12,8,82.5,24.83
2020,12,9,88.38,25.59
2020,12,10,92.56,25.15
2020,12,11,91.38,25.07
2020,12,12,94.12,24.8
2020,12,13,88.12,25.73
2020,12,14,88.56,25.87
2020,12,15,90.62,25.23
2020,12,16,87,25.76
2020,12,17,86.19,25.98
2020,12,18,92.38,25.15
2020,12,19,90.38,25.26
2020,12,20,90.81,25.05
2020,12,21,92,25.15
2020,12,22,91.38,25.18
2020,12,23,90.94,24.94
2020,12,24,85.19,26.19
2020,12,25,78.62,25.54
2020,12,26,75.31,23.29
2020,12,27,75.44,24.78
2020,12,28,78.75,24.44
2020,12,29,77.12,24.61
2020,12,30,79.19,24.85
2020,12,31,82.56,25.31
